Date,WTI_Returns,WTI_Vol,NG_Returns,SPY_Returns
2015-01-05,-0.050294131338965986,,-0.040293057160516565,-0.01805994359294716
2015-01-06,-0.042166278412213876,,0.019430948948972793,-0.009418741886044746
2015-01-07,0.015021932320442133,,-0.02280459941742441,0.012460945723234529
2015-01-08,0.0028776852057026403,,0.019505396472816905,0.017745114289825725
2015-01-09,-0.008813287499630618,,0.0064913061525839755,-0.008013640665922028
2015-01-12,-0.04735320278381394,,-0.05125594630159869,-0.007833368064106727
2015-01-13,-0.003907104544565554,,0.052951698700341554,-0.0028124910498630307
2015-01-14,0.05643931547255865,,0.09853889029804908,-0.00603774679047242
2015-01-15,-0.04599834082699461,,-0.023198282324319308,-0.00916038965321786
2015-01-16,0.05275672706397794,0.04007062578953236,-0.009816307468465735,0.01311419800891045
2015-01-20,-0.047237611458852635,0.03971498884144597,-0.09465941636323005,0.002132672946132619
2015-01-21,0.029963341408420163,0.039131556892372917,0.05051214515656999,0.005048141083141777
2015-01-22,-0.030765957378860564,0.03989858981409959,-0.046738379298789656,0.014871019390437556
2015-01-23,-0.015547423868537802,0.03996061606055458,0.05326279395286404,-0.005483172320891017
2015-01-26,-0.00965120915192641,0.039967940445529905,-0.03516410479813792,0.002341890691092363
2015-01-27,0.02392022103783087,0.03811185367048413,0.03471013647208365,-0.013190561735156203
2015-01-28,-0.03850311046770927,0.04012363418358667,-0.03857766239416727,-0.012824132941003152
2015-01-29,0.001799730370851238,0.034543626037173765,-0.05129094179916183,0.009243423690337815
2015-01-30,0.0833146867476402,0.04208803833252737,-0.010297946049007911,-0.012574739252402711
2015-02-02,0.02757043884911603,0.0395925924139665,-0.004087669285166018,0.012384107141026002
2015-02-03,0.07020374346703262,0.0406093796895953,0.02761189548548204,0.014461051266852154
2015-02-04,-0.08671062281387465,0.05101458339995877,-0.033405958369552735,-0.003808121618106286
2015-02-05,0.041898838954191886,0.050914802277973716,-0.02329077295896187,0.010095119113791462
2015-02-06,0.0239698711459031,0.05025562618911056,-0.008076888160591378,-0.002765233433561942
2015-02-09,0.02263497803689285,0.04961599168024485,0.0069794057747400995,-0.004475867988248283
2015-02-10,-0.053726827843277314,0.05427168475348522,0.030804838547833446,0.010653713303378609
2015-02-11,-0.023590569659673655,0.053003973581648815,0.04482625457866973,0.0005802634519020966
2015-02-12,0.048525776504511065,0.05417525984684208,-0.03003213238104563,0.009616565270719413
2015-02-13,0.03065806918360714,0.049169448731029824,0.03354214511861042,0.004116511855035476
2015-02-17,0.014209928331680555,0.04882360088377939,-0.016048444888404068,0.00157306698525006
2015-02-18,-0.025966736808259228,0.044682253289748765,0.026096420826497546,9.514779565789055e-05
2015-02-19,-0.018795541881630573,0.03407803786754257,0.0010597035979644787,-0.0007141105312276075
2015-02-20,-0.016028141072516044,0.032163923582001985,0.04128435427350574,0.006000832027860392
2015-02-23,-0.01767976533473814,0.0314306330677066,-0.024398518233769928,-0.00014200184218604583
2015-02-24,-0.003437856036798803,0.030028013832868683,0.00798888583492996,0.0028407891398873897
2015-02-25,0.03469973501477264,0.027517594324542236,-0.0027566840592283537,-0.0008497181872400006
2015-02-26,-0.05530502876434262,0.03224873728805306,-0.06807188081114379,-0.0011814580219345894
2015-02-27,0.033008100747924596,0.029892828080569554,0.013718924918745934,-0.003406397252218807
2015-03-02,-0.0034163620313416576,0.02754789406789069,-0.013167525156692172,0.006313478190935751
2015-03-03,0.01875378710050768,0.027950455205387265,0.005189006375973859,-0.004103832810880337
2015-03-04,0.019992048938669127,0.027974469438939845,0.02101775901999403,-0.004215785373629211
2015-03-05,-0.014942761032492702,0.02772482501237557,0.02600217598924326,0.0010937945476972022
2015-03-06,-0.022655590015923877,0.028213868314811156,-0.0007040103497661931,-0.014063716233708057
2015-03-09,0.007861305882892022,0.027697371982222437,-0.05671011416294547,0.004144415286519543
2015-03-10,-0.03419998168945315,0.029920360919162652,0.02016435391146243,-0.01622210663392154
2015-03-11,-0.0024850433693706098,0.02708088923796288,0.03367487753340459,-0.002341236842902439
2015-03-12,-0.0232509648008834,0.02191360855244301,-0.031869659326514754,0.012713757641224399
2015-03-13,-0.046971288423143576,0.02225527077153091,-0.0025603400019900135,-0.006132589012176282
2015-03-16,-0.021409435352494066,0.02237905249447891,-0.004033706634287704,0.013360819928635026
2015-03-17,-0.009571603769804038,0.01969542388205716,0.05117817925811097,-0.0029725426281604905
2015-03-18,0.02761161500733178,0.021273565595503197,0.022767095196571274,0.012020954005293794
2015-03-19,-0.015673998328059047,0.021278417153457796,-0.036643873197898524,-0.004560902396110955
2015-03-20,0.0400364461529783,0.02694906592273811,-0.009598276131096095,0.00882684173240511
2015-03-23,0.0378390090998717,0.03033949245829021,-0.01902368020212697,-0.0019487265146764798
2015-03-24,0.001264437463204704,0.028541476460407937,0.019392598799986116,-0.0056189545706470945
2015-03-25,0.03578195796670758,0.030832514123618728,-0.02261305221050225,-0.014653868695826966
2015-03-26,0.045112807600185656,0.032028116589553124,-0.018729385724129632,-0.0023815488358368553
2015-03-27,-0.04977642150691153,0.032584170131137936,-0.030688629967574377,0.0022897394863934384
2015-03-30,-0.0038878377503916983,0.03120177729233371,0.020849475299604237,0.012199915852196153
2015-03-31,-0.022185740022270695,0.03235387862241279,-0.0015128397960637585,-0.008739507996828655
2015-04-01,0.052310961308550175,0.03473576335276843,-0.013257607742390154,-0.00353629218040985
2015-04-02,-0.01896587662298843,0.03504227910286642,0.04145874827775753,0.0035975319336472023
2015-04-06,0.0610500618083436,0.037472571853837636,-0.023221512122130084,0.006733343753201559
2015-04-07,0.035289608249462256,0.0372995370539727,0.011320743513260512,-0.002646620862867599
2015-04-08,-0.06595037798222869,0.045025340219212395,-0.022761234029625266,0.003377276661728823
2015-04-09,0.0073384125350866025,0.043880388111880796,-0.03474602640246838,0.004423229438170306
2015-04-10,0.016735547525088545,0.04179673717843861,-0.006724761701678572,0.00545702951472693
2015-04-13,0.0052285139611716325,0.03776865625759172,0.0,-0.004522726861864057
2015-04-14,0.02658449378100003,0.038048070292348406,0.007566728007309509,0.001913391865636882
2015-04-15,0.05817223533238547,0.03902850351272668,0.03162052356155143,0.0044871395227634725
2015-04-16,0.005674759678805152,0.03718663577181161,0.028352537600484062,-0.00028574763497635214
2015-04-17,-0.017104521630497582,0.03701246119281963,-0.01862889419971303,-0.011503452579147422
2015-04-20,0.011481868862154743,0.033010137987600864,-0.0372057886291719,0.00913706989758789
2015-04-21,-0.019865248764875054,0.03261327140605823,0.01537856235289814,-0.0011914295047420476
2015-04-22,0.01628667305855136,0.021976625569636705,0.01203879547047304,0.0049140548005939255
2015-04-23,0.02813393581459378,0.022562141594251517,-0.02877975795115917,0.002516250950680865
2015-04-24,-0.010218221950761053,0.023666885811540406,0.0,0.0023204718223208687
2015-04-27,-0.0027996472990409194,0.023997073733722358,-0.01619908771684575,-0.004157680546055698
2015-04-28,0.0012282802730758657,0.023337645181487534,0.01084335353635546,0.0031790591488811692
2015-04-29,0.0266386333890829,0.016917108234251216,0.03535955028401361,-0.004114873962410837
2015-04-30,0.017924192629572788,0.017490003189388474,0.05564082267768766,-0.010020394120228149
2015-05-01,-0.008049631622310871,0.016409673237977165,0.009087639413339454,0.010841443113507987
2015-05-04,-0.0037193781069789766,0.016556694322205908,0.016210401989523948,0.0028475381039179126
2015-05-05,0.02494487040710247,0.015222916959036001,-0.014533898032915826,-0.011452166798117225
2015-05-06,0.00877481400509228,0.015009265824316342,-0.0014388304110619643,-0.004116963743410196
2015-05-07,-0.03266045738551804,0.018075620061978128,-0.015129702797845423,0.003989820622955165
2015-05-08,0.007634896054027562,0.0175871742108774,0.053401663715212155,0.01316607609006093
2015-05-11,-0.0023572889558378662,0.017568741189598867,-0.02708335609899537,-0.004772405981036454
2015-05-12,0.025316455696202445,0.018752486174412702,0.03390436368958283,-0.002991602470484578
2015-05-13,-0.004115226337448541,0.017556383460397423,0.013116971838873726,0.00019070292241085696
2015-05-14,-0.010247916229500276,0.017218393578229397,0.024872216574729933,0.010427530679367747
2015-05-15,-0.003173053407098614,0.017015569478498315,0.002659619579682637,0.001083873332298868
2015-05-18,-0.004355810479393485,0.017036525263519717,-0.0019894038120569224,0.0031068364562878426
2015-05-19,-0.03651357853776738,0.018455508566169846,-0.020598018749522273,-0.0003287362762933732
2015-05-20,0.030038443435586037,0.021253503166838137,-0.011194027436576492,-0.0007039284633022502
2015-05-21,0.02950155462820514,0.020712286248532514,0.011663780561336212,0.002912309899139265
2015-05-22,-0.01646903787707832,0.021522037903615898,-0.02102400824254047,-0.0023886892873016263
2015-05-26,-0.028298767696950056,0.023419623367896703,-0.02251474032938927,-0.01075175840740894
2015-05-27,-0.008960890379153152,0.02142848212034343,-0.0024804994387616075,0.00949194071306736
2015-05-28,0.0029560422292504995,0.021586526372921903,-0.038721124461610246,-0.0011282056235384363
2015-05-29,0.04542300482008943,0.026560139619758134,-0.023651192749255978,-0.006212743869493553
2015-06-01,-0.001658349508894097,0.026537912831751158,0.0026494964377539176,0.0020365124856172034
2015-06-02,0.017607932643853186,0.026936018938358404,0.018497556096995105,-0.000992647266015001
2015-06-03,-0.026444645384773535,0.025425632855677314,-0.023721235124907314,0.0026496317246229584
2015-06-04,-0.02749831332045738,0.02548154798086212,-0.003037257111078384,-0.00844654746874507
2015-06-05,0.019482777036469612,0.02430191567906526,-0.013709068676718728,-0.0017132674960000926
2015-06-08,-0.016742798251032642,0.024319690566386856,0.0444015495551191,-0.006149613516575059
2015-06-09,0.034399725163328565,0.024977923728204218,0.05212570661804161,-0.00014377028148615523
2015-06-10,0.021449965557355677,0.025095009938403443,0.015811692546587652,0.01199325678503671
2015-06-11,-0.010743933650224968,0.02570074103242453,-0.022829465237276803,0.003223476298753525
2015-06-12,-0.013328967700995564,0.022018912927236494,-0.02654868899744267,-0.007655058555993022
2015-06-15,-0.00733820269224994,0.02212945858898986,0.05054543235085229,-0.004285354920532836
2015-06-16,0.00756049663102365,0.02141142832657486,0.0017307423144874434,0.005451547926971445
2015-06-17,-0.0008338010795395645,0.01960780283515857,-0.01347616918195238,0.001616930050696963
2015-06-18,0.008845170397031588,0.01700855389821192,-0.02732051423588555,0.010399658478114526
2015-06-19,-0.013895783986538457,0.01696764602952733,0.014043944914918782,-0.004439140124255947
2015-06-22,0.0011742944825949841,0.015799019747855338,-0.029474412335452227,0.005122755985395466
2015-06-23,0.02228548943626718,0.013380021129012305,-0.0025612767580796003,0.0007080806396935202
2015-06-24,-0.012129124473493902,0.011960093392162894,0.012105646190861075,-0.00726261302204767
2015-06-25,-0.00945743637788199,0.011860182793455113,0.032982906710415705,-0.003040422002942633
2015-06-26,-0.001172524186426327,0.011138169692177947,-0.027017510632214137,-0.00019075812131175152
2015-06-29,-0.02180109364035665,0.01292155417166127,0.011539871917721989,-0.02097034454636104
2015-06-30,0.019543962864090103,0.014374739448967567,0.009625650540589614,0.0020932182837885005
2015-07-01,-0.042206189418349416,0.019458299681906103,-0.01730226853761263,0.008015740967858731
2015-07-02,-0.0005266639708401133,0.018942580299852605,0.014013666704703942,-0.0009159007621392101
2015-07-06,-0.07728792380629723,0.029571327969678995,-0.02338766269195358,-0.0028458489253021524
2015-07-07,-0.0038072901749430788,0.029363008439351253,-0.014513774036286287,0.00628864393509776
2015-07-08,-0.012994463622820751,0.026696700290485192,-0.011413894114414624,-0.01677697983648896
2015-07-09,0.021877971346269787,0.02930877594155519,0.015270066542315996,0.0018087771119097429
2015-07-10,-0.0007578079150272199,0.029546610098965843,0.016140832434161867,0.012591628631636098
2015-07-13,-0.010238924883231859,0.02931863380228811,0.03393505477860548,0.011037092146865213
2015-07-14,0.016091956710932998,0.03045558061229892,-0.00837994663386521,0.004338063693739791
2015-07-15,-0.03073154298604197,0.029343843674808707,0.027464813740096794,-0.00033220253922661147
2015-07-16,-0.009725734321805679,0.02762950541399777,-0.021932793576980525,0.008024308595810492
2015-07-17,-0.0003928591204795939,0.027635070653020937,0.005606094426452213,0.0008479008885460271
2015-07-20,-0.014541125420411305,0.015174873946135732,-0.016376283348280896,0.0005177083578542518
2015-07-21,0.0041874193037518825,0.01542524101324328,0.020899757780908246,-0.003951215306758238
2015-07-22,-0.023232763492105346,0.01641693268628214,0.005204755400073369,-0.0017948633287439009
2015-07-23,-0.01504366506259125,0.013689011226018899,-0.02795998880412054,-0.005629785570348433
2015-07-24,-0.006398377056954452,0.013451512391534337,-0.014204531985004043,-0.010371675217882736
2015-07-27,-0.015579559815309674,0.013611125936908134,0.004683001202055559,-0.005817359400650091
2015-07-28,0.01244988732193919,0.012878150312060474,0.011473669579037837,0.012282597373248327
2015-07-29,0.016882062964131084,0.013120468320943296,0.023041409612401198,0.006879187051623159
2015-07-30,-0.005533930163910794,0.013024271654420558,-0.0408870526233438,0.00023748313605564952
2015-07-31,-0.028854111967653417,0.014942092752921594,-0.01878605833520608,-0.0015179899253819906
2015-08-03,-0.04138371831795484,0.01835545964664386,0.011781968147068111,-0.003372908539145736
2015-08-04,0.012619073115512469,0.019263562706427963,0.023289713201006368,-0.0019544220528349143
2015-08-05,-0.012898997178341753,0.018708696178777243,-0.004978641103989934,0.0032953095914458608
2015-08-06,-0.01085274998686192,0.018589251156003316,0.005360924218767993,-0.008187796452751472
2015-08-07,-0.017689227904758353,0.018825588857883074,-0.005332337959060629,-0.0019197419760244028
2015-08-10,0.024846140394949368,0.021435364995804656,0.015725485641501447,0.012599369254649107
2015-08-11,-0.04181488638124198,0.023302680810583173,0.0007037626512012007,-0.009023392802976038
2015-08-12,0.005106717656805371,0.022029812107368135,0.030590678655443293,0.0011980534059752301
2015-08-13,-0.02471130978469871,0.022272049884798324,-0.04913000808150325,-0.0012442399293020046
2015-08-14,0.006393569990301051,0.02237217063785085,0.005023386322369872,0.0036418360774832514
2015-08-17,-0.01482355454388784,0.01964817786358899,-0.026062188347094506,0.005587020226242245
2015-08-18,0.01791258703445675,0.020307181680013744,-0.00879762832937181,-0.002896529114690183
2015-08-19,-0.04270295026832216,0.02326480829088195,0.0044379008654842345,-0.007905288500910101
2015-08-20,0.008333337229061932,0.023952380537057928,0.014359364205436709,-0.02088176060143676
2015-08-21,-0.016771964923329552,0.023912513883904942,-0.028675133540360886,-0.030102277937415378
2015-08-24,-0.05463532862272458,0.025030268542634442,-0.009716002144697922,-0.04210700471882878
2015-08-25,0.027981162339402843,0.026640613819206474,0.013207489114168025,-0.011767573139130572
2015-08-26,-0.018061635064005155,0.026302905980786957,0.002979566328582983,0.03839398631918023
2015-08-27,0.10259075273862672,0.043904587915103425,-0.02042334391387679,0.024735144869579395
2015-08-28,0.06249999439805998,0.04797815469472183,0.029188742377248333,4.992620997779085e-05
2015-08-31,0.08801414053067647,0.0534361801822511,-0.009576435989000265,-0.008079123137994193
2015-09-01,-0.0770325377389468,0.061225122856464656,0.0048345154219764375,-0.029847647744489558
2015-09-02,0.018498131587986855,0.05859358524911455,-0.019985160163554117,0.01898126404178324
2015-09-03,0.0108108108108107,0.05857153130790687,0.0290785130928084,0.0007162303285384031
2015-09-04,-0.01497327835164608,0.05846787472814277,-0.02568804979545003,-0.015136771441939256
2015-09-08,-0.0023887212198482333,0.05373987001897336,0.020715656252309644,0.025131433851233176
2015-09-09,-0.038963803969062294,0.05669512414563513,-0.021771223036266774,-0.013372518507320352
2015-09-10,0.0400905228061863,0.05612325609847193,0.01207094099342565,0.005441823942544666
2015-09-11,-0.02809227247971613,0.04927081781565825,0.0037271674007612887,0.004544516115802866
2015-09-14,-0.014116089021681044,0.04527738538764712,0.02413658258981366,-0.003710596657187648
2015-09-15,0.013409094376997555,0.0334269281115848,-0.010877437458343797,0.012499719441759316
2015-09-16,0.05741200638104149,0.030009246767147387,-0.024926628166027087,0.008666600378578027
2015-09-17,-0.005302226763720941,0.02968858985926948,-0.0030075696103801786,-0.0022480480045610207
2015-09-18,-0.047334779285202244,0.03321031791686494,-0.01772244804461698,-0.016341467828429268
2015-09-21,0.0447627570801139,0.03625524032722544,-0.012284093902323656,0.00516756826870024
2015-09-22,-0.018209050311999375,0.03680646409599492,0.0015545855315779455,-0.012979513547865307
2015-09-23,-0.029456736523706395,0.03578636176799637,-0.0031043450931891314,-0.0015988445463639422
2015-09-24,0.009667273147506927,0.03333285926382723,0.008563672377421172,-0.003615449317812991
2015-09-25,0.017590757475205443,0.03243622571278049,-0.010420759549487402,-0.00025992986694900466
2015-09-28,-0.027789943907256642,0.0335012912556765,-0.0003899873491228778,-0.02509686340999695
2015-09-29,0.018005834606473092,0.033714095806097064,0.008973859630338588,0.0005851544066772796
2015-09-30,-0.003095277273166941,0.027510008088194766,-0.023975265685518,0.01865828944265302
2015-10-01,-0.007762219404228721,0.027532782169626166,-0.036053821012064224,0.0026090392867432755
2015-10-02,0.017881073022971927,0.02367673190121844,0.007398227216327546,0.01493786538756181
2015-10-05,0.015810219401211523,0.019243369141288384,-0.00040796716885671547,0.01779463795370506
2015-10-06,0.04907048292535343,0.02370059545679546,0.008163257362146625,-0.0034260842655869927
2015-10-07,-0.014836130725661922,0.021631462792021078,0.0016194123300627972,0.008190712638274755
2015-10-08,0.03388410134599518,0.02320507086061247,0.009700860812504208,0.00902685544135795
2015-10-09,0.004046141244278045,0.023099781007771433,0.0016013559126617505,0.0005961359200727934
2015-10-12,-0.05097728268274282,0.0278292702111513,0.013189444899248226,0.0009436878494912815
2015-10-13,-0.009341797048055933,0.027884169774027044,-0.014595730981463495,-0.006301842295337701
2015-10-14,-0.0004286424738336736,0.027827122667034663,0.00800639778814749,-0.004794217737200013
2015-10-15,-0.005574578150421394,0.027735144554502347,-0.02581406739746983,0.015354621303522054
2015-10-16,0.018973635902370445,0.027798186037486225,-0.009376274465361156,0.004546392399309207
2015-10-19,-0.02898855227552022,0.02926570380944955,0.004938207890987645,0.0004916413378612816
2015-10-20,-0.007409024996949287,0.02354472605197236,0.013923079251236814,-0.0012782822743726552
2015-10-21,-0.007683830515551993,0.023356565835480254,-0.029079169891239376,-0.006203155904071611
2015-10-22,0.00398230756941409,0.01934519479937603,-0.007487573026845773,0.016893495226105282
2015-10-23,-0.017188245386406176,0.018996804397563502,-0.04191110983652535,0.01096162960722924
2015-10-26,-0.013901321818307166,0.012827505299305177,-0.09798774094642992,-0.0024577750414712662
2015-10-27,-0.01773530667156553,0.013282058389199958,0.014548967440602079,-0.0019322699254314957
2015-10-28,0.0634258753560053,0.02618869823290005,-0.02820268405526749,0.01137495356650553
2015-10-29,0.002612162607080748,0.02616504618784301,0.11018198620385555,-0.0005744882209490765
2015-10-30,0.011506703506183769,0.025652537366646713,0.028356282926482956,-0.004309573040336523
2015-11-02,-0.009658741392265413,0.023995501213604026,-0.028005193641897574,0.011830763461064375
2015-11-03,0.03814482356983584,0.026462215034269373,-0.001329796509323744,0.002899478946603029
2015-11-04,-0.03298542339713828,0.02894049203051792,0.0039947016683057335,-0.003033279925527488
2015-11-05,-0.024179597134365127,0.030159396308870295,0.04509283568006639,-0.0009985727152501678
2015-11-06,-0.020132739647169218,0.0303596061975148,0.002961069898293811,-0.0005234201344871403
2015-11-09,-0.009482997854157516,0.030171077607053457,-0.029945211994938048,-0.009331216422332256
2015-11-10,0.007750174626532269,0.02956254682290024,0.008695644061371466,0.002306688305142579
2015-11-11,-0.0289526986157852,0.021925082818857255,-0.02456893251674963,-0.0039316761019172475
2015-11-12,-0.027486613016248107,0.022585439316859177,-0.001325683148768797,-0.013959641802067324
2015-11-13,-0.024191576563669548,0.021691361145964462,0.04469029690181392,-0.011228526892948287
2015-11-16,0.02454589982328237,0.024775014130234578,0.010165154090499229,0.015206868227614967
2015-11-17,-0.025634965656301967,0.018507040395061816,-0.00586999539657207,-0.0007293428089607534
2015-11-18,0.001967096991801087,0.01825737485948837,-0.010122381832725846,0.01586607842984744
2015-11-19,-0.005153351766200132,0.017902149884032884,-0.030251326920851862,-0.0008621186925760194
2015-11-20,-0.0037000868892791416,0.017690712106515,-0.05755713560821252,0.0036437200427590355
2015-11-23,0.03367171653634937,0.02224606766091682,0.030303057248691756,-0.0011463933855019315
2015-11-24,0.02682632172179078,0.024168858422973293,-0.0045248824844553726,0.0013394137971260989
2015-11-25,0.003965523393473669,0.022388895842837982,0.0027272917416465425,-0.00014347776038325932
2015-11-27,-0.030901528874616502,0.022883457064647054,0.0027197657748305737,0.0011465119012967762
2015-11-30,-0.0014384454545837144,0.021269674215126357,0.01039783138243977,-0.004151573554440957
2015-12-01,0.00480184732089195,0.019856489942861245,-0.0017896862144664016,0.009535596214721886
2015-12-02,-0.04563918559263991,0.02345660029788523,-0.029583140439767397,-0.010204934820266076
2015-12-03,0.02854289543173283,0.02533119719936483,0.007390315338034581,-0.014002640305299296
2015-12-04,-0.027020461559776554,0.026830245404639387,0.0022925788418322046,0.019502871142434985
2015-12-07,-0.05804352324168893,0.03235295348439339,-0.05443741561689608,-0.006058676480589442
2015-12-08,-0.00371854445343045,0.029198235806862042,0.0014513890218563752,-0.006719602651511836
2015-12-09,-0.009330804846242047,0.02617756803591326,-0.003864684667231555,-0.007779473730488151
2015-12-10,-0.01076430375461268,0.025466723489594955,-0.022793370761118315,0.0025809435748584963
2015-12-11,-0.03101195434442261,0.02547423824091341,-0.012406994573640806,-0.019380947273040294
2015-12-14,0.019371208930290207,0.02750690400021892,-0.04824118375423003,0.005052183315372272
2015-12-15,0.028642166386561474,0.03015406332578121,-0.038014796553680896,0.010497780178063687
2015-12-16,-0.04899593282782555,0.030599180417600673,-0.01756315278862064,0.014632199448150418
2015-12-17,-0.016047288498827528,0.0272213606821334,-0.01955305439513333,-0.015238017918452917
2015-12-18,-0.006294741513608537,0.027051471199232464,0.006837586750230384,-0.017815068690481772
2015-12-21,0.0002879970159028744,0.02227527752366935,0.08149408979623773,0.008249133618942528
2015-12-22,0.040299298892936264,0.027013589111037885,-0.012035584378156106,0.009073944059438288
2015-12-23,0.037631450838959024,0.029803065173587644,0.050317811458891804,0.01238361804015864
2015-12-24,0.01599995930989584,0.02979985446872278,0.023197177451109496,-0.0016500954647392652
2015-12-28,-0.03385819297883419,0.030182427891106815,0.0980778104691018,-0.00228530331505461
2015-12-29,0.028796455285189815,0.03086548703799605,0.06463198304017737,0.010671846248138994
2015-12-30,-0.033535793334665054,0.03174471549674459,-0.06661045268471688,-0.007088126674064221
2015-12-31,0.012021925129788391,0.027147643552630257,0.05555551367735467,-0.01000300164564516
2016-01-04,-0.007559465093770035,0.026559106383847293,-0.0012836040647665747,-0.013979580749831078
2016-01-05,-0.021490672929854737,0.02771097510964152,-0.003856067915990913,0.001691228637371811
2016-01-06,-0.05560188857733117,0.03353537711028097,-0.024946273784303696,-0.012614206362384084
2016-01-07,-0.02060643914586724,0.03044218241914696,0.05072783924508695,-0.0239913180815009
2016-01-08,-0.003306300235589421,0.026092709919997428,0.03778333976589732,-0.010976357641055756
2016-01-11,-0.052774427263351575,0.026966756676394192,-0.030744327986050535,0.00098983851701262
2016-01-12,-0.03088186303937246,0.02679788415848991,-0.05801333233561057,0.008068091584402692
2016-01-13,0.0013140278408982908,0.022468719481839303,0.005316829457508554,-0.0249404166356324
2016-01-14,0.02362208764817786,0.025988345927866273,-0.05729401118602362,0.01641647054392026
2016-01-15,-0.05705130266406466,0.02701204866729108,-0.01823283564521705,-0.02146586935613959
2016-01-19,-0.032630896986123314,0.026639033693183947,-0.004285630920302541,0.0013313007846793568
2016-01-20,-0.06711173256692671,0.029711767357648602,0.012912457854871384,-0.01281533278251401
2016-01-21,0.1122411124375946,0.05221555083155586,0.009442861491189891,0.00560216163253946
2016-01-22,0.0900778150427346,0.06129886021737133,0.0004676929445275313,0.020515176012346537
2016-01-25,-0.05747121941739064,0.06380335911116833,0.008882680667563037,-0.015116349365147386
2016-01-26,0.03658538578671977,0.06294229950810293,0.01019465915865414,0.013642944391464962
2016-01-27,0.027026977853772616,0.06225442376044802,0.004128359746939481,-0.010883327885215177
2016-01-28,0.028483034222086978,0.06253889380698911,-0.003197793435396279,0.005209150986595912
2016-01-29,0.012040869851996261,0.06237337904777612,0.053162318805424436,0.024377375154994496
2016-02-01,-0.05948834491944599,0.06266515783553024,-0.06353356861863835,-0.0003615783491357494
2016-02-02,-0.0550285146200199,0.06468517380831859,-0.05901480388852731,-0.0180218779956951
2016-02-03,0.08032127462980498,0.06275644047632045,0.006419758435484368,0.0059947597828762245
2016-02-04,-0.01734818733331378,0.05480850141541323,-0.03238474018225568,0.0015686990235337372
2016-02-05,-0.026166454655521254,0.047417677474794084,0.046146024729882384,-0.019050338904895048
2016-02-08,-0.03884748719007591,0.04536648605404916,0.037324354094241174,-0.013460998173586591
2016-02-09,-0.05894240378987403,0.046558093343652296,-0.019626193109458345,5.384106332306793e-05
2016-02-10,-0.017537572002580215,0.044628430985588025,-0.02478553124271987,-0.0008630656950224802
2016-02-11,-0.045173101785153214,0.0426423885213958,-0.02541546709648823,-0.013008032323786667
2016-02-12,0.12323546594469281,0.0625395057454504,-0.01404212523982351,0.02061700661910626
2016-02-16,-0.013586943317733136,0.06026908338681073,-0.03204474314005401,0.016878224452613777
2016-02-17,0.05578508542741023,0.06062452812197631,0.020493974982085827,0.016334867446146317
2016-02-18,0.0035877563894002318,0.05445806611261899,-0.04634399171992665,-0.004095860411474805
2016-02-19,-0.03672411606448711,0.055343050832610007,-0.025917914748879722,-0.0004683076575491274
2016-02-22,0.06207827903095353,0.05860940837279985,0.009423481018266733,0.014478925120102959
2016-02-23,0.012388859678152508,0.05671593852032136,-0.021416823042939903,-0.01262946908868734
2016-02-24,0.008785713187080102,0.05157698173453277,-0.0022446400805860023,0.0045755339038107135
2016-02-25,0.02861580482989301,0.050364381935277154,-0.037682807412296904,0.012112024311135672
2016-02-26,-0.008769305056048449,0.046289053111486726,0.04675630889573035,-0.002301794507876931
2016-02-29,0.029591252496194542,0.03074000672320699,-0.044667807108853874,-0.007842232217538547
2016-03-01,0.01925930447048607,0.029158100642501118,0.01811807056799908,0.02350653603396946
2016-03-02,0.007558090406990514,0.02592380215070753,-0.036739386386942297,0.004493023129510165
2016-03-03,-0.0025966576163909405,0.026235566414989746,-0.023241904495596932,0.003919276138191652
2016-03-04,0.03905115666874637,0.021017039358376153,0.016473428584873773,0.003253538726011751
2016-03-07,0.05512259069783054,0.01951638462832915,0.014405791424816572,0.0007984747825631189
2016-03-08,-0.03693935275762339,0.0263741913350977,0.013017724516229068,-0.010917732085280574
2016-03-09,0.04904112097335189,0.028483154754370247,0.0233644635300001,0.004939230054453292
2016-03-10,-0.01175243541864135,0.029647242222212957,0.020547953128158714,0.000802498747312308
2016-03-11,0.017441856362333308,0.028553282994897927,0.019015681955480312,0.01613752935031809
2016-03-14,-0.03428570635907058,0.03222717238076786,-0.001646553752396973,-0.00128255501698038
2016-03-15,-0.022592795742149452,0.03360657189064297,0.017592053622815573,-0.0016293007397111259
2016-03-16,0.05833789001054246,0.03748050932137826,0.009184267748064245,0.005786866921348555
2016-03-17,0.04524185439123629,0.038577427930794876,0.036402547045549793,0.00634432365035309
2016-03-18,-0.018905525418077107,0.0390578529917874,-0.014979361583759454,0.003929308962483891
2016-03-21,0.011916867065629999,0.03577200413664418,-0.041426323249719066,0.0014192049271279927
2016-03-22,0.038586843433105145,0.03366852526645004,0.019146655797839918,-0.0005374805596571886
2016-03-23,-0.04004824648631411,0.03492464342778243,-0.03703703940695591,-0.006599859732128399
2016-03-24,-0.008293586917860862,0.03476372178716836,0.006688943431604866,-0.00044279597463992015
2016-03-28,-0.0017739406094351429,0.03451378893832835,0.02325584465458541,0.0005909214377772809
2016-03-29,-0.028179756982765203,0.03383170411687106,0.02976187558008081,0.009250151487181224
2016-03-30,0.0010449560293344096,0.0326154959596383,0.048870233578168554,0.004387777930033865
2016-03-31,0.00052193261803124,0.02688753282388118,-0.018537103770967178,-0.0024270924224345514
2016-04-01,-0.04042773163515301,0.024408586286821365,-0.0015314042848285636,0.006811973623199297
2016-04-04,-0.02962761961030158,0.025138327953491007,0.02147242124126736,-0.003238163651254955
2016-04-05,0.005322090270267532,0.024590861471964633,-0.02202203653496193,-0.009987609425474941
2016-04-06,0.05182503878470479,0.027676976827154896,-0.022006132506555254,0.010921244496234328
2016-04-07,-0.012980176913027774,0.02554027255744579,0.05599156115511361,-0.011966208186790173
2016-04-08,0.06602262506673928,0.034219290153051564,-0.013875064168036633,0.0026969791649420483
2016-04-11,0.016112773665144076,0.03451424019157959,-0.039196014216456465,-0.0023474714424202014
2016-04-12,0.04484632138805078,0.03491592303325655,0.048117160289987915,0.00931294464180632
2016-04-13,-0.00972254838071207,0.03539462621206611,0.015968096642807073,0.010101299950912912
2016-04-14,-0.006226013696919552,0.03564169039128505,-0.0324164952398841,4.792261507935436e-05
2016-04-15,-0.02746986481080571,0.033855433360764055,-0.03451780569224949,-0.0011057937305717358
2016-04-18,-0.014370709174516882,0.032183171627853335,0.019979026184177018,0.007026672068496609
2016-04-19,0.032679816280798635,0.03277254648483106,0.07628865852684363,0.0031541062349949023
2016-04-20,0.03773123583185467,0.031235582425653483,-0.009099642178026723,0.0009529427508754296
2016-04-21,0.012901694189069834,0.02991930939137637,-0.00048329024552273836,-0.005378398000426277
2016-04-22,0.012737360657096186,0.024039468555796056,0.034816259178048536,0.0
2016-04-25,-0.02492568406123863,0.026265069498603744,-0.03598137260243117,-0.001722535181246987
2016-04-26,0.032833056893025736,0.024496848600224594,-0.015026611466350537,0.0014859923269072706
2016-04-27,0.02929157331312693,0.025059651050490274,-0.018208690403863748,0.002058217766695236
2016-04-28,0.015442243987791704,0.02457521829556448,0.0416040419537822,-0.00907592231383858
2016-04-29,-0.0023897591411851105,0.02131176776959163,0.04812314789615679,-0.005398620186200742
2016-05-02,-0.024825771670422103,0.023003533170306834,-0.06244257100615491,0.007948164492795895
2016-05-03,-0.02523441903130197,0.024501468695182986,0.021547457964131933,-0.008703055063618015
2016-05-04,0.0029781729409767976,0.021881334281020574,0.026366283634907228,-0.005578148086197721
2016-05-05,0.012334420524988898,0.021853185893102384,-0.030359671291942503,-0.0001948366534701984
2016-05-06,0.007671483640095733,0.021655673827696797,0.012042435291922171,0.0036586308340371687
2016-05-09,-0.02731753750271948,0.022000470464468895,-0.0014279014184032102,0.0008265076102955682
2016-05-10,0.028084743537561074,0.021303135221717267,0.028598637445807595,0.012433696070033973
2016-05-11,0.03515449395853931,0.022211144259498935,0.006950929081189106,-0.0093545505717062
2016-05-12,0.010166585017456597,0.02192216789975805,-0.008283536621827237,0.00029023317108567426
2016-05-13,-0.010492541123375276,0.022236075613614008,-0.027378197699343687,-0.008713859303752014
2016-05-16,0.03267695663594705,0.022293036557906112,-0.0319656076642475,0.009864946853155754
2016-05-17,0.012363791649106615,0.01929615879037214,0.009364244945767153,-0.00933342910713486
2016-05-18,-0.0024840145553872706,0.019603264912780003,-0.022949300547675855,0.00029292163333671795
2016-05-19,-0.0006225104825018368,0.019845009495190382,0.01899055881456513,-0.0034647714346467406
2016-05-20,-0.008513285895164757,0.0205686992100757,0.011280039980421375,0.006317289134033954
2016-05-23,0.006911033111092868,0.016731636813426237,-0.0033947475069823208,-0.0013627682655041884
2016-05-24,0.011231220471403791,0.015551068739822737,-0.03649637238312409,0.012962302503320311
2016-05-25,0.019333658207668192,0.013177428220911775,0.006060588181037163,0.006783002834819252
2016-05-26,-0.0016142419055259483,0.013393388765859488,-0.01455819522879176,0.00028706443871473475
2016-05-27,-0.0030314816606576978,0.012562060379863342,0.10494133725005361,0.004298811036343331
2016-05-31,-0.00466254507188768,0.009003314482177812,0.0548640854657545,-0.0019025469834109687
2016-06-01,-0.0018329970546806518,0.008445703321300091,0.04064682290585542,0.0020492799489473246
2016-06-02,0.0032646368678166393,0.00834155511713357,0.01007976858678572,0.003043589188830964
2016-06-03,-0.011185667226807361,0.009327613027928599,-0.0029105902560060404,-0.002987092436196215
2016-06-06,0.02200739856706413,0.010756417472053872,0.02835699672527414,0.005088693191747096
2016-06-07,0.013483638602526327,0.011144986876945349,0.003244078160298036,0.001561223597522421
2016-06-08,0.01727559414893931,0.011689214341478557,-0.0024252392955453894,0.0032596120927552708
2016-06-09,-0.013078238823581056,0.01185912151541369,0.060372841070441385,-0.0013655565321545327
2016-06-10,-0.02946996910593258,0.015523956395738428,-0.023309173220520174,-0.00947737259508874
2016-06-13,-0.0038719916016022315,0.015540111098182976,0.011345870083701248,-0.00771184423546889
2016-06-14,-0.007978710743172135,0.01566639678804992,0.007350117263202005,-0.0019670481947485774
2016-06-15,-0.009899017123498055,0.015911840642120947,-0.0034562452481091688,-0.0013933741175836678
2016-06-16,-0.03749217454675935,0.019290212325990656,-0.00578038718258056,0.002983681605304156
2016-06-17,0.038303408198041344,0.023669165611649414,0.016666660505979758,-0.0037238296307647856
2016-06-20,0.02897039189058015,0.024511002151845016,0.04727414292698939,0.006440160424786345
2016-06-21,-0.010532721673360945,0.024176453129131366,0.007644670042831203,0.0028385622215143513
2016-06-22,0.005731885419453464,0.023374889027540258,-0.03287566668702302,-0.0016313185736047675
2016-06-23,0.0199470694266346,0.024255444300768793,0.007844567832711924,0.013022589866980239
2016-06-24,-0.04929158233122988,0.027470970000639673,-0.013343222372959485,-0.03590905954961354
2016-06-27,-0.02749785002890648,0.02858480278383434,0.020285552380124194,-0.01790973475398261
2016-06-28,0.032808041938119814,0.03092268376458699,0.07400587970396066,0.01803591786927594
2016-06-29,0.042424297988056026,0.03354541587640727,-0.018512217419431543,0.01702789862221521
2016-06-30,-0.03107456302865541,0.03270717510893905,0.021306360638132293,0.013645297820359392
2016-07-01,0.013656110540182675,0.030789343165883935,0.021545815056817963,0.0021000954519057036
2016-07-05,-0.048785530158416246,0.0330974528257695,-0.07465686322244536,-0.00719312892809687
2016-07-06,0.017811198674515527,0.0338020338308613,0.007959506104343816,0.005998196211701723
2016-07-07,-0.048281697254753064,0.03655669356899571,-0.0032304604807514847,-0.0006200622874554806
2016-07-08,0.005981401449145496,0.035632780039159394,0.008642480473629588,0.014890131166214404
2016-07-11,-0.014314061397556865,0.03287261804419824,-0.03534459526979605,0.0035272432065278636
2016-07-12,0.04557642966992548,0.035511511203072076,0.011843103627642071,0.007263204658283895
2016-07-13,-0.04380340321538234,0.0362815581157118,0.001097301030144493,-0.00013956339681842067
2016-07-14,0.020782129724598475,0.0336141329204934,-0.0036536318980888716,0.005583647637283473
2016-07-15,0.0059106929938674835,0.03284916344417903,0.010634412867364107,-0.0013417814028932051
2016-07-18,-0.015451557620980494,0.03234270895378506,-0.012336777137977095,0.002687168398369799
2016-07-19,-0.013041559033997951,0.029078181174611077,0.0022042770823416102,-0.001016587558381743
2016-07-20,0.006494895653295751,0.02835121241830966,-0.025659800275492306,0.004162803992172837
2016-07-21,-0.004227828938919043,0.023964396290513442,0.012791542509010156,-0.00377707395450233
2016-07-22,-0.012513997168514313,0.024112485501225352,0.031575052346696,0.004485282612212149
2016-07-25,-0.02398727294716574,0.024824445689609717,-0.010803014737307715,-0.0027161144692888772
2016-07-26,-0.004869067794324056,0.01792773333860519,-0.012741203530400314,0.00046142347203059764
2016-07-27,-0.023299162224185488,0.014228584140167816,-0.014749249051776214,-0.001060908163766583
2016-07-28,-0.01860684192192319,0.01093143337094827,0.07522454355154462,0.0011544575015229874
2016-07-29,0.011181309948886442,0.011888238880510427,0.001044212000844702,0.0016145416228303677
2016-08-01,-0.03701916243550085,0.014655350033273722,-0.03650904788582565,-0.0008288467640742425
2016-08-02,-0.013729481600180726,0.01466245323562572,-0.013713413803119745,-0.006407477273461026
2016-08-03,0.03340935372305687,0.019959684575107543,0.03878519759997201,0.0029229222856785864
2016-08-04,0.026940936193748932,0.023046229163752593,-0.0017611398541220735,0.001064035884639214
2016-08-05,-0.0031004308888399335,0.022953978735777307,-0.021877217296905505,0.008178522451534054
2016-08-08,0.029186632606955865,0.02426745044764146,-0.008658068976419742,-0.0005954394627402104
2016-08-09,-0.005811250519289213,0.024290313869270205,-0.04839879968214322,0.0005957942221317403
2016-08-10,-0.02478375875487282,0.02445196117875546,-0.020650057598828653,-0.002474951374354717
2016-08-11,0.04267568048585213,0.026893040617506588,-0.003904720827309638,0.004640779802719486
2016-08-12,0.022993790788817803,0.027405577718277025,0.013720049309932092,-0.0008688080267663656
2016-08-15,0.028096200333590948,0.02317332172411404,0.0015467705161218426,0.0028838233052181916
2016-08-16,0.018364672535273296,0.021099259662631403,0.010424783676556304,-0.005157687714421155
2016-08-17,0.004508352859974529,0.020542998671036972,0.000764178434389029,0.0018812444461933087
2016-08-18,0.03056209184003733,0.020828212347425063,0.02100040765117006,0.0022436158896212977
2016-08-19,0.006221468881500991,0.020162401804129183,-0.03365740962406816,-0.0014620534712034283
2016-08-22,-0.03029680970392301,0.023989286886392708,0.03676462311320394,-4.578417291833947e-05
2016-08-23,0.022316668524693162,0.023673661661789046,0.03060844352443004,0.002013451188280335
2016-08-24,-0.027650687287921416,0.02418141611418294,0.012676597924799804,-0.005114575516179998
2016-08-25,0.01197351652362566,0.021638051432819896,0.01788267247784958,-0.0006886915647627001
2016-08-26,0.0065497051891163505,0.02104865137684343,0.008784292253264159,-0.0018834090360134725
2016-08-29,-0.013853901256672074,0.02056609675217305,-0.006269636211122753,0.004924292477285208
2016-08-30,-0.013409984552018694,0.02035964930666677,-0.009113222420639722,-0.0016487706185311923
2016-08-31,-0.03559865729235989,0.02307479930595551,0.02122397710034596,-0.002844093189478314
2016-09-01,-0.034451921459566326,0.021241159764091164,-0.032906139885222174,4.611069064441864e-05
2016-09-02,0.029657061719698508,0.024389758322896082,0.0,0.004508283391292389
2016-09-06,0.008775949963943264,0.02362342512988059,-0.02686248072989561,0.0030222253059679627
2016-09-07,0.014945307641749617,0.022791635774235538,-0.015090132226224018,-9.128191624485638e-05
2016-09-08,0.04659338311834649,0.026495752881173517,0.04857992162835956,-0.0022831536367580174
2016-09-09,-0.03653922517424679,0.02882924824131354,-0.003207435125038516,-0.023934756440939564
2016-09-12,0.00893635217670119,0.028924358502363818,0.042188070580766235,0.014347601573204694
2016-09-13,-0.030028070040114874,0.030060061519731004,-0.00205833346147144,-0.014375908373962965
2016-09-14,-0.02939865590123447,0.031019465220333216,-0.006875208483079209,-0.0003751432448910741
2016-09-15,0.00757223502735771,0.02935728476320044,0.013153377505829678,0.009993184198237248
2016-09-16,-0.020041017334849753,0.02787025937777186,0.0071745500918485305,-0.0038657644059854057
2016-09-19,0.006274702891545969,0.026030180793687095,-0.004748961730744239,0.00018729793402383343
2016-09-20,0.003233242312129514,0.025826561665166656,0.03851394529276897,4.7232224939408596e-05
2016-09-21,0.0437385263799408,0.02938959864558045,0.0032819135833961344,0.011245486599301246
2016-09-22,0.021614458291535632,0.025839868621018232,-0.02191688386519186,0.006301190947082258
2016-09-23,-0.03972366504124769,0.026321597635862226,-0.011705714287309044,-0.005479191685596518
2016-09-26,0.03259893835121552,0.028468201933003316,0.014213217054989125,-0.008102046759222437
2016-09-27,-0.02743309662221971,0.028178639980086132,-0.0003336428187360463,0.006207758906181082
2016-09-28,0.05327963209476505,0.030664958846236032,-0.014686297735938658,0.0049635412113784305
2016-09-29,0.01657816379686028,0.030779398057462534,0.0023713442180464117,-0.009047194992896856
2016-09-30,0.008572022406779567,0.02906045025293629,-0.017911527453265852,0.007545902987233122
2016-10-03,0.011815913660688127,0.028994590501855644,0.0058500340521798755,-0.0024037811534254327
2016-10-04,-0.0024585688015918983,0.02924987468145304,0.014026646599158532,-0.005097861776656387
2016-10-05,0.02341349838774387,0.027438531045752595,0.02597837485562371,0.004425156532107621
2016-10-06,0.012241556757763172,0.027149654884033675,0.0026307582087417014,0.0006957478093507774
2016-10-07,-0.012490033119952781,0.022739268911877168,0.04722861667258216,-0.0034296069628237946
2016-10-11,0.019674754370953007,0.021760098624272698,0.01378011565204873,-0.007487058338788266
2016-10-12,-0.01201025003653966,0.019180700264106742,-0.008341041243247194,0.0013121331880572296
2016-10-13,0.005181313669828436,0.012511896631424749,0.04080998143454595,-0.0032755768590564394
2016-10-14,-0.0017843012497671396,0.012304183771388928,-0.01676144655349221,0.0005164405959363627
2016-10-17,-0.008142996223184373,0.012917617028837636,-0.012481012700488403,-0.0034721628467314636
2016-10-18,0.007008456116199602,0.012662503949076162,0.005856983246464331,0.006262378019483483
2016-10-19,0.026048867264770292,0.014374462238251442,-0.028501359124723957,0.0026670783771001183
2016-10-20,-0.02267438378960618,0.015485794275607988,-0.009148278602858162,-0.001866767506348399
2016-10-21,0.008328339607450053,0.01522599550847845,-0.04711875211064198,0.00046762705038783103
2016-10-24,-0.006489636701274781,0.014749854951865796,-0.05412627438035067,0.004252868817149924
2016-10-25,-0.011084746005875279,0.013712628843118161,-0.020134284144238568,-0.0033507418365221753
2016-10-26,-0.015612465844485834,0.01406049726974855,-0.015501075676929599,-0.002007426081996333
2016-10-27,0.010980091748200138,0.014498752345562433,0.012083483345270318,-0.0026669530047365164
2016-10-28,-0.02051489204990098,0.015720597374932036,0.1233719564539324,-0.0029555453127044773
2016-10-31,-0.03778234340374231,0.01916878735232083,-0.025442832753629352,4.709098572308612e-05
2016-11-01,-0.004054682862387304,0.018634913749664268,-0.04097821267063162,-0.007245230108508194
2016-11-02,-0.028497923045611273,0.015515520602676284,-0.03790485767593643,-0.006018694779239997
2016-11-03,-0.01499780112234883,0.015155120753476956,-0.008237822869516132,-0.004577186216263351
2016-11-04,-0.013210930465824444,0.013375392855073219,-0.000722316150779001,-0.0011017469573596506
2016-11-07,0.018606755173645295,0.016866381045265624,0.017708719011508167,0.022057111770154902
2016-11-08,0.002004904295201282,0.01741139343881066,-0.0649858269636513,0.00450404390631709
2016-11-09,0.0064473303352312605,0.018050382347897957,0.021648371609190642,0.010601968881329471
2016-11-10,-0.013474720657904227,0.016790491126768035,-0.0215613704476898,0.0024957310404298827
2016-11-14,-0.030004481799512095,0.017661969994988206,0.04445292718595062,-0.0015214767527941264
2016-11-15,0.057479263527425495,0.025748179205938634,-0.014550731465406086,0.00780307887882814
2016-11-16,-0.005239067261995967,0.025761553334007873,0.020302630525145693,-0.001878655180322264
2016-11-17,-0.0032916727426693937,0.024067916840289427,-0.022069418106839156,0.0051409187315596405
2016-11-18,0.0059445281516605775,0.02348009663015187,0.051794251916081,-0.0022377904404963234
2016-11-21,0.03939599706412733,0.025378930850027293,0.03763634012461492,0.007551561793808226
2016-11-22,0.01137075345851013,0.025138173075464187,0.010847479434781482,0.0019530590738594533
2016-11-23,-0.001457416127488842,0.025239224467313973,0.014755167234796307,0.0005440916530490281
2016-11-25,-0.03961629998856231,0.0291884432276827,0.01949769161021897,0.00371554849146416
2016-11-28,0.022145037502216525,0.02924851452351642,0.047649942485865626,-0.004694915556203272
2016-11-29,-0.03929486441944163,0.030622920208084898,0.025680675060937963,0.001950297253425548
2016-11-30,0.09307979498300245,0.03849294406593409,0.011161369602875837,-0.0023990053434622682
2016-12-01,0.03276704675527342,0.03888153602990595,0.0456444261441904,-0.003675688530127119
2016-12-02,0.012142556114561387,0.03850701066843606,-0.019686163614591523,0.0005010111308187959
2016-12-05,0.002128494769775502,0.03861060009748137,0.06344584640639872,0.006008718310304806
2016-12-06,-0.016605533793179084,0.03846056121294057,-0.00519979561512085,0.0031676885630991247
2016-12-07,-0.02277635657689603,0.03959424669342338,-0.008803319101460372,0.013080513174692943
2016-12-08,0.021498888587156983,0.039890868494869725,0.02553427963608179,0.002448874723899097
2016-12-09,0.012981900972290017,0.036446682697244846,0.013802467977545252,0.006040392723040577
2016-12-12,0.025825278272906482,0.03658100757954538,-0.06380140916452748,-0.0011479109919266817
2016-12-13,0.0028392524320048906,0.03215247605151463,-0.009409749831128633,0.006674115526472457
2016-12-14,-0.03661756593943333,0.022484285404599826,0.018998268617169467,-0.008254395194400077
2016-12-15,-0.0027429347009640948,0.020001140632120502,-0.029943488061155876,0.004117120719737466
2016-12-16,0.019646364833438623,0.020643287708645285,-0.005532921759270781,-0.0019555929134329464
2016-12-19,0.004238870896683178,0.020671216227528162,-0.006734993313109339,0.0021772782278695058
2016-12-20,0.002110525951762199,0.019743774666468972,-0.03803064564412695,0.003857675381490955
2016-12-21,0.004978022946759086,0.017598738520495948,0.08550415044146531,-0.0027826087499563945
2016-12-22,0.008763556291928376,0.016750764564251574,-0.001129290920136139,-0.0017275640360762123
2016-12-23,0.001321996106055101,0.01647527802740341,0.03504800178551126,0.0014644895780191458
2016-12-27,0.016597530375659808,0.015271498717328429,0.02703440161395454,0.0024807297520477167
2016-12-28,0.0029684571963377593,0.015272235547218833,0.04493489828731012,-0.008264362109780543
2016-12-29,-0.005364426714029369,0.007863468094300762,-0.032569979340090094,-0.0002228852599283071
2016-12-30,-0.0009298723569812761,0.007677353119292549,-0.02051553596144773,-0.0036548727514095214
2017-01-03,-0.025874894975109308,0.011062605345913459,-0.1066058208449544,0.007650050719922419
2017-01-04,0.017771764913767196,0.012279795907733534,-0.018034248432166722,0.005949085918189878
2017-01-05,0.00938790866987027,0.012485563886747146,0.001836560157707945,-0.0007944329012689044
2017-01-06,0.00427833638606101,0.012474966902215823,0.0036663867755413193,0.0035776732766439334
2017-01-09,-0.037599602350147365,0.017609236631313946,-0.05540339587883514,-0.0033007646479744635
2017-01-10,-0.02193994245063613,0.018664041106932094,0.05639709794716441,0.0
2017-01-11,0.02813853431253399,0.020363508242282145,-0.01647350131781178,0.002825964787468882
2017-01-12,0.014545422421688103,0.021052665940942506,0.05024812097465281,-0.0025096716796286778
2017-01-13,-0.012073182605411681,0.021285935733446587,0.009746010977535136,0.0022953525216304893
2017-01-17,0.0021004508801811816,0.0213311799602671,-0.0020473734033223945,-0.0035236077359334095
2017-01-18,-0.026676785887829735,0.021431646081871772,-0.032239125733310114,0.0022100030995659825
2017-01-19,0.0056773118722515115,0.02049994540900451,0.019987881231447124,-0.003704340517178273
2017-01-20,0.020439931066629224,0.02153855439603891,-0.04869359645079119,0.003673991048895875
2017-01-23,0.006295342285040029,0.021616420405716298,0.012172295374129005,-0.0026019679613890068
2017-01-24,0.008151664553095461,0.017769606644767847,0.011100836574982953,0.006411465709419417
2017-01-25,-0.008085752213392361,0.016118758379722743,0.016163456111022878,0.00865549324516346
2017-01-26,0.01952604320941953,0.014857618921332312,0.015005988012811944,-0.0010453709789034482
2017-01-27,-0.011342518114492606,0.014875843986440538,0.0026611658851913855,-0.0015698900468154031
2017-01-30,-0.010156048888966707,0.014708629959921272,-0.04688879928368961,-0.0062014417286850865
2017-01-31,0.0034201083321814263,0.01472956300479418,-0.03558168488013902,-8.791991955481304e-05
2017-02-01,0.02026130783941582,0.012306898849219353,0.016361847337766466,0.0003952860526472701
2017-02-02,-0.00631032193481329,0.012850730664381612,0.005997491637852015,0.0006591191608866787
2017-02-03,0.005416528027051948,0.01155684514025042,-0.03890808630976894,0.006892643189112535
2017-02-06,-0.015233206049203973,0.0127590094761141,-0.004244208814201844,-0.0017875981668584728
2017-02-07,-0.015846070160064007,0.013413496465082973,0.02622956176241198,4.377217993090099e-05
2017-02-08,0.003258615863700909,0.013305388960316885,-0.0012780149437408017,0.0013104060521846872
2017-02-09,0.012609855664654113,0.012277209029389455,0.00479849816121769,0.005932630353539414
2017-02-10,0.016226426610406852,0.012875341954693012,-0.03406561968449351,0.003946144088635695
2017-02-13,-0.017266993959094812,0.013749044260343362,-0.02966378264523295,0.005442456365993831
2017-02-14,0.005101085513072867,0.013796818752230188,-0.013247294244726149,0.00399560874057725
2017-02-15,-0.0016917321672406116,0.011987939584725906,0.006884675085537362,0.005220317357180981
2017-02-16,0.0047072113938420035,0.011990099091929239,-0.02427345706700801,-0.000851466300501591
2017-02-17,0.0007496423363906324,0.011833898164684999,-0.007007701571457359,0.0015766830413810329
2017-02-21,0.012359547351178612,0.011282718147646666,-0.09527177445502344,0.005954825091531335
2017-02-22,-0.008694066014865776,0.010198945130364859,0.010920482658162589,-0.000887962414722665
2017-02-23,0.016047781449950893,0.01103902924688535,0.009645098492995885,0.0006773720269139805
2017-02-24,-0.008448100606561426,0.011224229005830148,0.003821165483258948,0.0012686895885904992
2017-02-27,0.0011112716563903557,0.01003689388653039,0.025123708562294178,0.0015631550783614667
2017-02-28,-0.0007400724531354541,0.00794842278125083,0.03007792383017982,-0.0026994809218022775
2017-03-01,-0.0033326512881366455,0.008035699341517813,0.009012291277377793,0.01399738984845067
2017-03-02,-0.022663963945832588,0.011048298489235258,0.0017863079592876918,-0.0062973968686004245
2017-03-03,0.013685634144650738,0.0118867308323732,0.008202568730705018,0.0006297325906197138
2017-03-06,-0.0024376722979884136,0.01190733451943224,0.026176201878050254,-0.0029778947300536096
2017-03-07,-0.0011278453464387272,0.011045304912797324,-0.026542619971143266,-0.002986789073495366
2017-03-08,-0.05382010995861408,0.019904088617312528,0.027266340073724082,-0.0018566662319183802
2017-03-09,-0.019888624190097515,0.01865117835491428,0.025163720664488354,0.001268195618744583
2017-03-10,-0.01603078572238048,0.018745535229896384,0.011432387408548683,0.0035039942146526393
2017-03-13,-0.0018560558769347146,0.018563483164782756,0.011635667230427194,0.0005047923298928669
2017-03-14,-0.014049592639210795,0.01823459723655476,-0.03450542874328333,-0.0038262814988595517
2017-03-15,0.023889341166945632,0.021446594078142544,0.014635801008937355,0.008653353921600937
2017-03-16,-0.002251342795281497,0.02101410652423984,-0.026501173297758474,-0.001966954949749633
2017-03-17,0.0006153595753204399,0.019936532963743692,0.01585113873217514,-0.0017561402472557885
2017-03-20,-0.011480065039104148,0.019825911265309196,0.031546789889499216,-0.0010968738168238845
2017-03-21,-0.018249710614636205,0.019752147663011532,0.017099653952001637,-0.012839526358523479
2017-03-22,0.01478666583614685,0.014586370261879113,-0.02651148363575928,0.002353159950657213
2017-03-23,-0.007077438511829737,0.013609789747132771,0.013284689923999782,-0.001067011491291625
2017-03-24,0.005660386864678069,0.013049386290673521,0.00819398753846845,-0.0007264120051595491
2017-03-27,-0.005003161816956925,0.013110100223294858,-0.007802317822354743,-0.0010264143878903065
2017-03-28,0.013408744935815564,0.01302198066948666,0.014416746295762728,0.007276869715258982
2017-03-29,0.023568315377757276,0.012960711756040537,0.02551679499505788,0.000934948926274437
2017-03-30,0.01696627309766141,0.013759646412727334,0.0050393803669994686,0.00318383591228244
2017-03-31,0.004965243447395462,0.013733391788237619,-0.0003133586729969773,-0.0023274426511741275
2017-04-03,-0.007114561393483321,0.013256415596153662,-0.019435747688872018,-0.0017391479600710191
2017-04-04,0.015724464061247723,0.01103327638852772,0.05274934806467457,0.0006374550968031301
2017-04-05,0.0023516117862560915,0.010830752878609962,-0.008199195429603456,-0.002972870455393295
2017-04-06,0.010752672935547825,0.009793545178856928,0.019902038143030376,0.0028111486285691267
2017-04-07,0.010444891828985003,0.009776454021791383,-0.02101476126613644,-0.0010192275784133287
2017-04-10,0.01607963486980779,0.008733015452487258,-0.007053051973569979,0.0005953867032149063
2017-04-11,0.006028630063780405,0.008791695723575221,-0.02717721525325234,-0.001189915314428469
2017-04-12,-0.005430728600013257,0.008590748491446445,0.01174601261968422,-0.00438174546215131
2017-04-13,0.0013180134441681535,0.007993637689755804,0.012550976278062231,-0.006495075233380776
2017-04-17,-0.0099661296776129,0.009381203286755896,-0.01983262823642873,0.00886005718660976
2017-04-18,-0.004558436306005276,0.009073933300563157,-0.005690839480607779,-0.0029842532461564764
2017-04-19,-0.0375882699186918,0.015195713770375522,0.01271858890162636,-0.0018386034799836581
2017-04-20,-0.0033703047893283156,0.015160798601444229,-0.0081632726390235,0.008139175337774862
2017-04-21,-0.01293020727988714,0.014858487226773675,-0.01836019334924599,-0.0031872144145297376
2017-04-24,-0.007859721846906975,0.013983353739837742,-0.011286709137105388,0.010997990838945704
2017-04-25,0.0067032669941742284,0.01259677580599986,-0.007501631448732726,0.005818644145512364
2017-04-26,0.0012106044578539255,0.012136799226268973,0.0325336765265507,-0.0006286293534353282
2017-04-27,-0.013099510785437918,0.012251014211649352,0.030872095259985244,0.0008386504945838702
2017-04-28,0.007351451937464226,0.012893397891700452,0.011423260245539524,-0.0021790181482579385
2017-05-01,-0.009933137244651946,0.012892675545123786,-0.018620301676644413,0.002519924208626678
2017-05-02,-0.02416053033352128,0.013864884818082861,-0.006220834046796964,0.0003772523261436067
2017-05-03,0.0033571096920763654,0.010154242859365692,0.010328636325545038,-0.0012146083461082036
2017-05-04,-0.04809701488370122,0.016859541364753355,-0.013011095992063959,0.0011741005461574083
2017-05-05,0.015377872493409939,0.018556577713543247,0.025109830814859402,0.00393701135593294
2017-05-08,0.004543467739645868,0.0188977902637908,-0.02878141462224193,-0.00016693788567223589
2017-05-09,-0.011845772850430869,0.01845294866207674,0.01733923958001049,-0.000917650857858221
2017-05-10,0.03160420072324599,0.022179281274679812,0.020142565001201707,0.0017953178867942121
2017-05-11,0.010564123825407057,0.022419732598593103,0.02551636415439007,-0.0020425500073726344
2017-05-12,0.00020903870270627678,0.0221969960219931,0.01421803859753945,-0.0016708754644986223
2017-05-15,0.021112004981433286,0.023240877204589755,-0.021904219375172063,0.005523559270703249
2017-05-16,-0.0038894295321142414,0.02170700750265921,-0.03553298263709037,-0.0009157924922297278
2017-05-17,0.00842580864565945,0.02179360695295009,-0.01176473888146401,-0.017743930300204602
2017-05-18,0.005706109252868075,0.012485846197407294,-0.0031328291786105744,0.004028478350445397
2017-05-19,0.019858224665346258,0.012847934344657313,0.02325585228837257,0.006504116400012583
2017-05-22,0.007947500429750232,0.012772541686885304,0.022727236115083427,0.005077812334783438
2017-05-23,0.014587062589083821,0.01052335607228623,-0.0333332808287401,0.002212596777691589
2017-05-24,-0.00213717908961919,0.008642301087836054,-0.0031065517704930157,0.0023324762814087574
2017-05-25,-0.04789717786679393,0.019653151979051653,-0.007790618418692774,0.004779741082487465
2017-05-26,0.018404860595052197,0.020261479304635812,0.016331672590190305,-0.0002068578998318804
2017-05-30,-0.0028112327669325143,0.01943999540646139,-0.028121161431478137,-0.0008688082126618868
2017-05-31,-0.026983490872034777,0.02146031360390873,-0.023529374306255013,-0.00024846758889673914
2017-06-01,0.0008278335219367161,0.021242981576874886,-0.020514555566355508,0.007952355832210989
2017-06-02,-0.014474788132852412,0.02146617295610422,-0.002991963042582646,0.0033284583623829356
2017-06-05,-0.005455273234695968,0.019869188817177048,-0.005668542692506495,-0.0007373237748613537
2017-06-06,0.016666604966220522,0.020712851939250914,0.020120704398151057,-0.0031966098612057348
2017-06-07,-0.05125539482038666,0.02402119923690918,-0.0072321084768461885,0.0018501148661516087
2017-06-08,-0.001749821279936059,0.02403830186210759,0.0026490514808872323,0.0004923132475738168
2017-06-09,0.0041630684475719715,0.020675472617553817,0.003632733672835675,-0.0015178625307968874
2017-06-12,0.005454941959670556,0.01931958079672411,-0.004935868619518002,-0.00020516655360092173
2017-06-13,0.008246467845447913,0.019928541782250717,-0.019179844799277812,0.004889866293328549
2017-06-14,-0.03723632320979764,0.021317336869088287,-0.011126092879065852,-0.0012675704870216409
2017-06-15,-0.006036227599526933,0.021129744951545938,0.04193655058318657,-0.001924590463460829
2017-06-16,0.006297854245614021,0.02145930688554679,-0.006217294974259602,0.0002186510579600398
2017-06-19,-0.012069756264386666,0.021539345675069838,-0.04708590393497425,0.008325255092467287
2017-06-20,-0.021945728596377,0.020300051260428248,0.00449205639398409,-0.0067442254622764874
2017-06-21,-0.016192476760392815,0.014776936454985174,-0.004816022384280916,-0.000246878333010625
2017-06-22,0.004937759350986504,0.0151918197141896,0.00034571931497962005,-0.0004527941224699017
2017-06-23,0.006317188405784213,0.015373031266943978,0.012093934611687507,0.001194224829391466
2017-06-26,0.008602714741255513,0.015668103217391385,0.0334585363296529,0.0006582333475029234
2017-06-27,0.019824817638920633,0.017184698756290716,0.0033035978285713696,-0.008056272989093394
2017-06-28,0.011301988721292622,0.013435173340627304,0.009878160017729565,0.008950432631938288
2017-06-29,0.004246728198055161,0.013305907902670592,-0.008151241494628758,-0.008788902510188268
2017-06-30,0.024705110233967487,0.015233528164824211,-0.00230110761181479,0.0018643224550112247
2017-07-03,0.02237182360588319,0.015347683203940907,-0.027677136161671556,0.0016960234156822018
2017-07-05,-0.04121518247900702,0.019852823419637754,-0.03761438900976788,0.0023117352792347834
2017-07-06,0.00864168802167331,0.01848424894451256,0.016901443213183986,-0.009144466045412858
2017-07-07,-0.028339211391798846,0.021620752323764807,-0.008310224838295577,0.0064852799425425545
2017-07-10,0.0038435899932631745,0.021600934007531842,0.022695466808829945,0.0010738550753484066
2017-07-11,0.014414400172383157,0.021833442419296075,0.040286799082727365,-0.0007427351220871126
2017-07-12,0.009991135741391988,0.02125425420036715,-0.0203478955158527,0.007514647927345797
2017-07-13,0.012969886366638095,0.02133307285284482,-0.008040177645409985,0.00168044720449112
2017-07-14,0.009982618624000406,0.021442280920736325,0.006416769208397177,0.004664058137520577
2017-07-17,-0.011173193973663675,0.02052597257354286,0.013422805905036084,-0.00012244255860871522
2017-07-18,0.008257302571389458,0.01927520502578443,0.022516582328067525,0.0005295558114382093
2017-07-19,0.015517184963976582,0.013773198244368474,-0.007124376284115219,0.005414150083294045
2017-07-20,-0.007003353646812593,0.014123292557705789,-0.007501631448732726,0.00044524598174366936
2017-07-21,-0.02179953917088262,0.0125866530902679,-0.023989469153939957,-0.0008902373869512648
2017-07-24,0.012453565416723267,0.012903270823730204,-0.023905757070094125,-0.00024315021100795864
2017-07-25,0.033448408113006645,0.015660376980482026,0.01552262069313759,0.002430958307972464
2017-07-26,0.01795783297791087,0.016068352711203996,-0.006793471768899884,4.034222379223351e-05
2017-07-27,0.0059487367287660575,0.01593431366260248,0.015389902842799064,-0.0009292491758663424
2017-07-28,0.013662278883301848,0.016069207162665435,-0.009430823642610164,-0.0011733030936651456
2017-07-31,0.00925365304656256,0.014788206141016818,-0.04998302453222614,-0.0005668796738494963
2017-08-01,-0.020131519999902703,0.01739297280992917,0.008947779588245774,0.002228711167420405
2017-08-02,0.008746954973768428,0.017107785297524686,-0.002837849232683709,0.0004850812211896205
2017-08-03,-0.011292626972532749,0.017498548068501135,-0.003913253638258007,-0.0019399502868276963
2017-08-04,0.011217684386116256,0.01482787982297413,-0.009285722618200487,0.00182239798815087
2017-08-07,-0.0038322394995806697,0.01518976002238698,0.009733305520696733,0.0018591436289137064
2017-08-08,-0.004454367755048705,0.012140477559250105,0.007497289382602412,-0.002460788078120446
2017-08-09,0.00793173111387313,0.011111511558405802,0.02161582910102333,-4.0864071861879125e-05
2017-08-10,-0.01957225976240351,0.012826937850608301,0.03537981329748874,-0.01411489973445057
2017-08-11,0.0047334748202110255,0.011988058466630059,-0.0006699682116537709,0.001476640417835684
2017-08-14,-0.025194583161104123,0.013350048753024027,-0.0080455679201612,0.009913227250891277
2017-08-15,-0.0008405319478690387,0.012302968305511166,-0.008110904680432851,-0.00012174277697407643
2017-08-16,-0.01619349043361351,0.012126135930636533,-0.015332142675529292,0.0017443161435375387
2017-08-17,0.006626793103470696,0.012533210477222502,0.013494738580637433,-0.015590951590605528
2017-08-18,0.03015498331586386,0.016025174692355093,-0.012290889235396674,-0.001562904530132414
2017-08-21,-0.023500297445741225,0.017413146419111535,0.02385067694643883,0.0007828198107524553
2017-08-22,0.005699819798432371,0.017679727645779717,-0.007765024556631528,0.010456996611635683
2017-08-23,0.016162898145019255,0.018422051247036372,-0.0037427418819038216,-0.0035853185159384626
2017-08-24,-0.020243741898890222,0.018493524956351422,0.007172099944938948,-0.0023309804660629485
2017-08-25,0.009276799997426366,0.01873859425995339,-0.019328560218520474,0.002336426630899835
2017-08-28,-0.027156867893612047,0.019018918220891204,0.011410785901679432,4.081399722477563e-05
2017-08-29,-0.0027915196256632635,0.019015693618266046,0.012307697072929003,0.0011448216991576388
2017-08-30,-0.010335907761208851,0.0186227819927542,-0.007429947531808034,0.004737470566476887
2017-08-31,0.027632734618411536,0.020721619062831625,0.034365455701964365,0.006016259132495483
2017-09-01,0.0012704080853813693,0.017955590447624695,0.009868411765204144,0.001414196174842397
2017-09-05,0.02897016082389081,0.018752861278152653,-0.031921840951816716,-0.007182170073787297
2017-09-06,0.010275380221288488,0.018885512973259626,0.009421304658283614,0.003413739247198233
2017-09-07,-0.0014239156843265377,0.018366960933058143,-0.006333351135253906,-0.00012163619189498043
2017-09-08,-0.03279691597773782,0.020344330534961402,-0.030526616343629853,-0.0011743753789179578
2017-09-11,0.012426288085008341,0.02052247610225003,0.020761225121661564,0.010665534372864771
2017-09-12,0.0033284761478651337,0.018056047389205642,0.017288094580568014,0.003370871627354166
2017-09-13,0.02218535569106095,0.018778219481089,0.018993722623770637,0.000479925284884386
2017-09-14,0.011967548919237458,0.017906438990628784,0.003924082786288308,-0.00031982004400199493
2017-09-15,0.0,0.016697175847285993,-0.014983714923442415,0.0013460686100077446
2017-09-18,0.0004008911206325738,0.01672458655101507,0.040343909347325235,0.002127081717166579
2017-09-19,-0.008615514055107298,0.015007562466656207,-0.0076287126912046865,0.001001100184471193
2017-09-20,0.01879547925989633,0.015766446514872173,-0.008968570825706457,0.0003600412112998441
2017-09-21,0.0027772146413846954,0.015702360602039923,-0.0478345174763356,-0.0026794427745737703
2017-09-22,0.002176075410717626,0.009502903459614843,0.004412766804624546,0.00020059678767059275
2017-09-25,0.030793552664621693,0.01216755133698075,-0.013518147609376419,-0.0020447547789183007
2017-09-26,-0.006510918127920151,0.012991457874233675,-0.00034255825675255647,0.0006025524620687506
2017-09-27,0.005011532694300547,0.01190938793893979,0.019191225019668634,0.00389443465007977
2017-09-28,-0.011123859285517623,0.012762783064211955,0.01445863589939278,0.0012000554697262356
2017-09-29,0.0021333745679703586,0.012717935703842958,-0.003314547761358533,0.0035146255851183916
2017-10-02,-0.02109534307175054,0.014938513412727037,-0.030262747267106205,0.004338985317335231
2017-10-03,-0.0031633779422114428,0.01462722530199403,-0.007201614967062064,0.0021398512172898787
2017-10-04,-0.008726668835541296,0.013669481511934051,0.015544067906882564,0.0011864439016080475
2017-10-05,0.016206510218282677,0.014679363510184843,-0.00578229918871187,0.005925396091543078
2017-10-06,-0.029533372178802697,0.017456115194909416,-0.020526917277238765,-0.0011387820389788805
2017-10-09,0.005883564823306431,0.013487408490834836,-0.010478509350039134,-0.001651242963636168
2017-10-10,0.027026952166252505,0.016846750089823434,0.02047302819289243,0.0026383305215889052
2017-10-11,0.007462707811858982,0.01697322479906912,-0.0006918344647700581,0.0015708533277125625
2017-10-12,-0.01364523924658756,0.017149995851572047,0.03461410355272565,-0.0014900862935428583
2017-10-13,0.016798464712466155,0.018118178845425836,0.003680133048571177,0.0012175656269446389
2017-10-16,0.008163229596059418,0.01668910412386908,-0.0179999669392904,0.0013335721807219425
2017-10-17,0.00019283085476073936,0.016592735855837773,0.005431022901455362,0.0007049400613245993
2017-10-18,0.0030840370878566503,0.016079030322534108,-0.0364617844464149,0.00097884084536215
2017-10-19,-0.014411990522779194,0.016442192115308427,0.006657258016010026,0.0002735157816697864
2017-10-20,0.003509461921676227,0.012432887650636841,0.014618885025893702,0.005160568582869951
2017-10-23,0.008354386923985935,0.012489926328228988,0.02607203300138483,-0.0038896429285697476
2017-10-24,0.010982652756570621,0.010098012380654688,-0.005683704548119506,0.001757252339884774
2017-10-25,-0.005526985111121374,0.01030061263509905,-0.018493633887184835,-0.004950021645265701
2017-10-26,0.00881562057842733,0.00892798566608134,-0.009934842871206717,0.0012925493746420713
2017-10-27,0.023936211072187907,0.010252328113222088,-0.04775086727848665,0.008176101314889328
2017-10-30,0.004638218792627935,0.010180752478943476,0.07776162041459012,-0.003725142446434293
2017-10-31,0.004247452183845368,0.010076670448475405,-0.023600866409556165,0.0015579575689346203
2017-11-01,-0.0014711627341543743,0.010262248068302716,-0.0010359188797224306,0.0013220955773933785
2017-11-02,0.004419920475855044,0.00790187823019388,0.014517821274404596,0.0003886407541702219
2017-11-03,0.020168655219217735,0.008959182215495734,0.016695068398920432,0.003338793250519556
2017-11-06,0.030733269288834464,0.011524948259311312,0.0502681290205671,0.0015475744295720961
2017-11-07,-0.0026154789044907645,0.012191438711352922,0.0057434228158663725,-0.0006955141692163158
2017-11-08,-0.006818171056758526,0.012364868198684823,0.007296955034648667,0.0017011269553479647
2017-11-09,0.006336855957612242,0.012385016158872124,0.00787404590327423,-0.0036281487477100027
2017-11-10,-0.007521366175451294,0.011976767832114084,0.004062503515742666,-0.00030945925488012893
2017-11-13,0.00035242584552119816,0.012075846390692896,-0.014316838770051077,0.000929745384389058
2017-11-14,-0.018675080865737326,0.014180957858410436,-0.020524173061320816,-0.002322373032196956
2017-11-15,-0.006642709637644129,0.014433554205402068,-0.007092222566126405,-0.005005502361144054
2017-11-16,-0.003433985814538798,0.014499195929870888,-0.008766217882384741,0.008500914629568035
2017-11-17,0.025571270638730104,0.015360104033916995,0.014412024480660701,-0.002938553943627742
2017-11-20,-0.00813437826133856,0.011682566601200029,-0.016144641328603604,0.0017064705731302254
2017-11-21,0.013193112434546128,0.012643836558881296,-0.009845740750188292,0.006542525708778779
2017-11-22,0.020939619714365643,0.014086139333562155,-0.016241307738172672,-0.0008846148922662112
2017-11-24,0.016028960665948055,0.014721618170860968,-0.05222371117805613,0.0023098567438035733
2017-11-27,-0.014249366271696151,0.01540240603899616,0.04088162496206116,-0.0004995364697762961
2017-11-28,-0.0020650306423054543,0.015458639398123869,0.04986335716487744,0.010145176354062757
2017-11-29,-0.011898644963524219,0.014561803145250525,0.034157457095900234,-0.0006087803843324302
2017-11-30,0.0017452406657918473,0.01418579598020127,-0.04844284688741873,0.008755155963672712
2017-12-01,0.016724722281406867,0.014477700261885832,0.011900830484789626,-0.0020756520192534156
2017-12-04,-0.015250160732359075,0.014027044330642878,-0.02482855632921077,-0.0012097135252099322
2017-12-05,0.0026100175395089575,0.013594596406432895,-0.02378554883040307,-0.0035965278752184693
2017-12-06,-0.028809439052133068,0.016248674892374672,0.002745331815003471,0.000189615279601707
2017-12-07,0.013045024199060062,0.01519937413795151,-0.05441475825726294,0.0031532788619308416
2017-12-08,0.011818698180862341,0.01468765580226219,0.003257351757230298,0.0054530029458053075
2017-12-11,0.010983282102712266,0.014637600971602625,0.020202017595669197,0.003012914007421763
2017-12-12,-0.014657738648315766,0.015348907047730098,-0.05304105082227428,0.0017650618645153049
2017-12-13,-0.009450488647102961,0.015180900743286646,0.013816258865245068,-0.00011234272263760392
2017-12-14,0.007773894934068437,0.015425247222175984,-0.011418011009406315,-0.004086403089301638
2017-12-15,0.0045581752692858135,0.014356645928624085,-0.026825643179416603,0.00832735581544708
2017-12-18,-0.0024432703579844173,0.01356684510479442,0.050918796931812116,0.0063413230035176404
2017-12-19,0.005248412138932679,0.013658467323531466,-0.01930782349971738,-0.0038405451421612558
2017-12-20,0.010964167736742692,0.00958238451924824,-0.020430843287958855,-0.000523845073452156
2017-12-21,0.004647967930012875,0.009032828504688478,-0.01478954610962735,0.002059602523461157
2017-12-22,0.0018848630774697117,0.008477601027523932,0.026558893150485874,-0.00026155358032320386
2017-12-26,0.025654181096012696,0.011083344732059627,-0.00899893788860906,-0.0011965788369764363
2017-12-27,-0.005502781796521972,0.0097184313404924,0.03594401538219372,0.00048688716954337075
2017-12-28,0.0033534668844106275,0.008462983797472288,0.0642805418737229,0.0020571737489818442
2017-12-29,0.009692480195161446,0.008538800102061239,0.013383676689356028,-0.0037700742067718895
2018-01-02,-0.0008275279472987895,0.008792316677607607,0.034879757270030565,0.007157266597575429
2018-01-03,0.020871329443820752,0.009576731816583544,-0.01570683814288465,0.0063246371427059245
2018-01-04,0.006165783657832158,0.009556088522802313,-0.04255312065993755,0.004215200527286189
2018-01-05,-0.009192061123250883,0.010829700682388033,-0.029513900961588457,0.00666387696656634
2018-01-08,0.004720067089996283,0.01082896510463772,0.014311256086284585,0.0018289883816184904
2018-01-09,0.01992547466964978,0.0116012980206334,0.03104058481259364,0.0022635494303120396
2018-01-10,0.009688701067691152,0.009778614934712116,-0.005816010194494292,-0.0015299784272346795
2018-01-11,0.0036180516492130277,0.008991652591660591,0.0612526558526143,0.007295688284209456
2018-01-12,0.007837050480822283,0.008912044538417992,0.03761346721675074,0.0065193092037376665
2018-01-16,-0.008864750893754492,0.01018768771888699,-0.022187530663795307,-0.003418410273607564
2018-01-17,0.0037659137014074417,0.009977375339725059,0.03291791809754008,0.009531535236335431
2018-01-18,-0.0003126537030172516,0.008586453644069838,-0.01330452343912003,-0.0016804915785075814
2018-01-19,-0.009069614138156656,0.009418581982718922,-0.0012542955904523145,0.004549200665030728
2018-01-22,0.001893683897817633,0.008538507494001467,0.01224490895853525,0.008131249436235777
2018-01-23,0.01543549403572797,0.009365977670521114,0.06823822275808888,0.0021223724847114767
2018-01-24,0.01768263328778019,0.008971199073156131,0.018873419602922326,-0.0003882897918399131
2018-01-25,-0.0015241346317761417,0.008904923046428528,-0.0176688615353382,0.00042351965402409597
2018-01-26,0.00961681014920246,0.009146503124941006,0.01682625102661084,0.01157821812872184
2018-01-29,-0.008769305056048449,0.009786191525808743,0.03594862294058743,-0.006630101896681007
2018-01-30,-0.016168358725858534,0.010895589963652154,-0.12007714229695254,-0.010256885880612132
2018-01-31,0.0035659435183503785,0.010890652047492148,-0.06259782530909908,0.000496657865428185
2018-02-01,0.01653019680725243,0.011881987724419217,-0.04641066586848852,-0.0011348213660302697
2018-02-02,-0.005319241448063616,0.011515050065568336,-0.003501397286502672,-0.021770251620218284
2018-02-05,-0.01986242143588357,0.01366386049742651,-0.03478565658391741,-0.0418224119368672
2018-02-06,-0.01184726606629738,0.013203635450127165,0.0043684324772454985,0.019702044566542787
2018-02-07,-0.025240550394805217,0.013212043476215948,-0.020659716896306968,-0.005424725666919317
2018-02-08,-0.010357653020969804,0.01318209991911667,-0.0018504353080457392,-0.03750888364547178
2018-02-09,-0.03188880971841357,0.01395550365938955,-0.04189837410376451,0.015021779511082745
2018-02-12,0.001520272828176017,0.01450163266773082,-0.012383925495304426,0.01468431000787529
2018-02-13,-0.0016866636409879066,0.014529920852096185,0.016457701629990718,0.0024870815953674796
2018-02-14,0.023821589459808834,0.01750066679787467,-0.002698615122667447,0.01349628557397553
2018-02-15,0.0122112491270574,0.01691447066257308,-0.002705825191896105,0.01276050703006626
2018-02-16,0.005542878248159688,0.01736746725689517,-0.008527068456814502,0.00029258870523785063
2018-02-20,0.003566816141611806,0.016828403802242712,0.0226739043510924,-0.006261141049093477
2018-02-21,-0.0035541391806128697,0.01657018891294948,0.01643730270201349,-0.004974180203413114
2018-02-22,0.017671857120539425,0.015584552861283709,-0.009401977323065913,0.0012958707328820651
2018-02-23,0.01242629876706336,0.01529108531920248,-0.003416880306544412,0.015939303049869347
2018-02-26,0.005664840514138403,0.008697776315460228,0.005333310081845344,0.011612417745637149
2018-02-27,-0.01408232714798463,0.011022077568054652,0.0166730389506764,-0.012486230486404959
2018-02-28,-0.0217425641704323,0.014024043593811845,-0.005963485613754149,-0.010130182116996345
2018-03-01,-0.010545063556421708,0.01282841074917877,0.01162350891173225,-0.014540892110866621
2018-03-02,0.004262966295752735,0.012271174685848825,-0.0011119425617996948,0.005155030072304001
2018-03-05,0.02155101542570148,0.014007365348191601,0.003339541063244189,0.011557855088572655
2018-03-06,0.0004794434943773407,0.01399130219852682,0.016642040073013842,0.002535315345370881
2018-03-07,-0.02316289111159675,0.01596811440652959,0.01018547733410391,-0.00036644518375850144
2018-03-08,-0.016843868655640803,0.015258888488913337,-0.007562084559696647,0.0048388114663378
2018-03-09,0.03193616130662136,0.018519651247588798,-0.00870824711998841,0.01740261363350304
2018-03-12,-0.010960675292407851,0.0184765515740958,0.016837482401140358,-0.0012553202533766017
2018-03-13,-0.010593245101259807,0.018295185232143494,0.00287973242193007,-0.006462446614666217
2018-03-14,0.004117937798881366,0.017236877732569534,-0.01974158883475363,-0.005131588822847033
2018-03-15,0.003772958426682571,0.016945892783940156,-0.01830829487149488,-0.001089923884169286
2018-03-16,0.01879394593378758,0.01790450733348421,0.002610954680105193,0.0010843046896178432
2018-03-19,-0.0044914786431108356,0.01657468862471686,-0.013764859141006558,-0.013530122985661142
2018-03-20,0.021592009715368565,0.01802235462057328,0.009053160777401148,0.001700793288597957
2018-03-21,0.027917927452161262,0.01751362623171581,-0.01383175384364177,-0.0019194240822815178
2018-03-22,-0.01334962623341096,0.017023596454050893,-0.007960541454194225,-0.024997115550442706
2018-03-23,0.024572225920243662,0.015944041127227995,-0.009935048477227815,-0.021314829339715624
2018-03-26,-0.005009019663294478,0.015334314112943065,0.010420667531512828,0.027359391630177532
2018-03-27,-0.004576705382010937,0.014683207164251998,0.02788386301477641,-0.017012116284599865
2018-03-28,-0.013333375426544558,0.01607866869557126,0.002601252144969868,-0.0029544255557512056
2018-03-29,0.008698434480882922,0.016092296115761906,0.012972604308572055,0.012777447162138245
2018-04-02,-0.029719803623574514,0.01890155842101452,-0.018294896298388097,-0.021584379902409134
2018-04-03,0.007935248584653998,0.018892095406339706,0.005218016588529606,0.01281670303911664
2018-04-04,-0.00220436771135879,0.01767579362730844,0.007786395342731289,0.010699093193598408
2018-04-05,0.002682688756635576,0.014835041221045977,-0.015820450279549703,0.007891992112004198
2018-04-06,-0.023292406687307143,0.015940212490851986,0.00971963489781369,-0.0222859082142991
2018-04-09,0.021914224388651204,0.015435673171549313,-0.002961827869905176,0.004928493267641443
2018-04-10,0.032954967323044926,0.019268183422194923,-0.013739390351404923,0.015900163554595448
2018-04-11,0.019996909111215766,0.02015138731715174,0.007153634837695488,-0.005242130324867866
2018-04-12,0.003741394809065879,0.019362725299105762,0.004112208074270374,0.008227408945549408
2018-04-13,0.0047711301070560985,0.01930267578489082,0.01824265986360074,-0.0029335186204962893
2018-04-16,-0.017361599340287803,0.017192942090473833,0.006215794887137305,0.008222115711478128
2018-04-17,0.0045302841563448215,0.01716454999515556,-0.005087273585743346,0.010698333817442673
2018-04-18,0.029314562177446657,0.01857667587612801,0.0003652907121940441,0.0007402380507921524
2018-04-19,-0.0026288929745389433,0.01881760348491308,-0.028842641044083628,-0.005547455267978285
2018-04-20,0.0013178552743313698,0.01571133514208121,0.029699245727893286,-0.008479691258556854
2018-04-23,0.003802312762120952,0.015202424835804378,0.00036507027776933043,-0.00014973769349813093
2018-04-24,-0.013694674384685523,0.013801804259409146,0.014963463223020668,-0.013467269317273933
2018-04-25,0.005169957448937668,0.012558639580807055,0.0017979556356246817,0.0024715507710579843
2018-04-26,0.0020573017394569515,0.0125424282479203,0.012562844818003072,0.01016567202148111
2018-04-27,-0.0013198997516167266,0.012526103397941286,-0.017724278261939563,0.0009387949643657745
2018-04-30,0.006901633351456438,0.010776408391477093,-0.0028870073141419317,-0.007690587598644938
2018-05-01,-0.019250396685124294,0.012941269640440432,0.014115104658248612,0.0017769762602213302
2018-05-02,0.010111528701498562,0.009178058988102412,-0.01713065542134229,-0.006717672557041143
2018-05-03,0.007360518147412787,0.009489577979280187,-0.010166985640258197,-0.002203721600375186
2018-05-04,0.01885139426822091,0.01117910592234456,-0.005502606205372462,0.012946586487442513
2018-05-07,0.014486547885064427,0.011860410351963401,0.011066016882955276,0.0033835149662135855
2018-05-08,-0.0236109956041185,0.013690873432357396,-0.0032834092413687177,0.0
2018-05-09,0.03011876490858434,0.016335210632040142,0.0018301155989712825,0.009665554965796685
2018-05-10,0.00309251086014406,0.016320786980334536,0.028132956904338924,0.009350700307822368
2018-05-11,-0.009248930163456737,0.01682904081781066,-0.0028428917243247254,0.0030513561586453797
2018-05-14,0.003677540982368166,0.01679559759459045,0.012829655532734296,0.0004764670886165945
2018-05-15,0.004932334817316475,0.014764722384080824,-0.0021112040624781114,-0.006887296993848491
2018-05-16,0.002524194521642986,0.014723548263567029,-0.007404763293895611,0.004205060939021399
2018-05-17,0.0,0.014788400075561937,0.015630518458340514,-0.0008446449497501174
2018-05-18,-0.002937461053962087,0.014021329518210215,-0.0041973011750391365,-0.002499830033140804
2018-05-21,0.01346800085456068,0.013926372713041913,-0.012996116046458672,0.0075184118104396624
2018-05-22,-0.0015227105980678557,0.01077180503188174,0.034875463198097645,-0.0027797160316180847
2018-05-23,-0.004020531354083756,0.006127344438429452,0.0020632881627962174,0.0027505372019260843
2018-05-24,-0.01572936123358315,0.00801272489291989,0.008922451126237352,-0.0020480378997236315
2018-05-25,-0.04002265404746885,0.014700301053534561,-0.00034019248975003524,-0.002382708539057976
2018-05-29,-0.016941572525276838,0.014953400524129305,-0.021776078138345922,-0.0115014209276042
2018-05-30,0.022178864874660364,0.017185547503915818,0.003478257552437247,0.01334526579651607
2018-05-31,-0.017152883516335482,0.017441912857907856,0.023223539855611763,-0.006126176341579637
2018-06-01,-0.01834730519296146,0.017672770059086032,0.0033875307563611123,0.009817344934130112
2018-06-04,-0.01610693812364883,0.017735664694269928,-0.010803452932210522,0.004751674502817993
2018-06-05,0.01189184004735755,0.01751529696889968,-0.013651863802616737,0.0007274923648477039
2018-06-06,-0.012057285204644663,0.01729240781030177,0.002076056513945934,0.008360707967801195
2018-06-07,0.01884742048569521,0.01961921117922437,0.011740386527900881,-0.00010818396777090289
2018-06-08,-0.003184216742837198,0.019495191567531756,-0.013651863802616737,0.0029562070855218003
2018-06-11,0.005476127503039718,0.01594033471569352,0.0204151469545244,0.0013300249469678782
2018-06-12,0.0039334665995833795,0.01519413364471442,-0.003390976895306541,0.001292553794214335
2018-06-13,0.004219390848727578,0.013145187483030053,0.008166100283936384,-0.0031908118090866466
2018-06-14,0.003751500634599836,0.012134909768220153,0.0006749426262557812,0.0025176822790418107
2018-06-15,-0.027358377152831737,0.013849192829310807,0.019224337897916888,-0.001275906157585327
2018-06-18,0.012142652093029449,0.01330924478893094,-0.023494406828080683,-0.002056798504024737
2018-06-19,-0.011845084242536608,0.01341897806581054,-0.017282236619979074,-0.00383292461483975
2018-06-20,0.017673298467379306,0.01388570994032214,0.022068927302231423,0.0017061388052237447
2018-06-21,-0.010268805385693414,0.013074656725310132,0.00371117342562699,-0.006268711642378855
2018-06-22,0.046383901023216545,0.019687209323780507,-0.010084024319817808,0.0018230440058526476
2018-06-25,-0.007290755127591586,0.020021566757592035,-0.007470233095656864,-0.01361278603803473
2018-06-26,0.03598702823660349,0.02256767560667672,0.005473757603109419,0.002214074383384501
2018-06-27,0.0316177994545519,0.023905209787634656,0.019394407051998463,-0.008284262527786468
2018-06-28,0.009483160964176784,0.023831873564580077,-0.01869158655386083,0.005717187883618191
2018-06-29,0.00953035543527636,0.020015985698028517,-0.005442187793715081,0.0014400345207234988
2018-07-02,-0.002832084695229109,0.020665258400008255,-0.02120384258340069,0.002137840866902163
2018-07-03,0.0027048544987631207,0.01927768079073124,0.002795212101733835,-0.003531439390035418
2018-07-05,-0.016185553791759677,0.021292185792347346,-0.011498255639887267,0.0081581391883907
2018-07-06,0.01179052072341813,0.020077000244695883,0.007402237453820515,0.008458252582154824
2018-07-09,0.0006774447194564104,0.016246996683104056,-0.010496840787028172,0.00900426783371544
2018-07-10,0.0035206789655057857,0.01549200536051799,-0.014144257737559451,0.0035986878502933806
2018-07-11,-0.050330634546136954,0.02145485068570495,0.014705842110124046,-0.007314436708741434
2018-07-12,-0.0007103640851712223,0.01837556423303818,-0.011311440400496031,0.009065592645501441
2018-07-13,0.009668708765417922,0.018389921596475626,-0.016088608859522124,0.0007876587454487272
2018-07-16,-0.04154350780017202,0.021315917967032433,0.0025435934755442258,-0.0008940800428509643
2018-07-17,0.00029392114573201233,0.021428033117776867,-0.006886572298768989,0.004044868066717333
2018-07-18,0.009988253332648966,0.02195017071435459,-0.006934326036361571,0.0021038920746943024
2018-07-19,0.010180292706438943,0.022342008513659965,0.0176406093526853,-0.0037714343450306886
2018-07-20,0.014396775312131238,0.022569102193137885,-0.00433372469913107,-0.0011426386554436174
2018-07-23,-0.036474591657929434,0.024608722212558855,-0.013057676369216176,0.0018593728507223517
2018-07-24,0.009279676816642102,0.024975568769630866,0.004042688930516958,0.0050319461279559885
2018-07-25,0.011383631741177735,0.020435204921109295,0.015739378134207227,0.008522075931329587
2018-07-26,0.004473269046788131,0.020518910775301227,0.0018017570632469226,-0.0023588709933677343
2018-07-27,-0.01321646546298838,0.02049339899457862,0.015107933721349553,-0.0067763503467893615
2018-07-30,0.020963673909315306,0.01664412344685714,-0.008858998983299338,-0.005223373700921519
2018-07-31,-0.01953508014889771,0.01813363976607528,-0.005362841206232649,0.004929107468284899
2018-08-01,-0.015997650377347683,0.01858178836227561,-0.008626947263559837,-0.00167059951982107
2018-08-02,0.01921364694059724,0.01941131436624848,0.021029764287177732,0.005447821850533385
2018-08-03,-0.006815563035715733,0.018743862259768797,0.013139183619559791,0.004284970765751739
2018-08-06,0.007592411865674942,0.014646168526624127,0.00245354702591416,0.0036673442824306512
2018-08-07,0.002318447004232782,0.014411233658374704,0.012937126100674767,0.003302222308649627
2018-08-08,-0.03223934923479943,0.017253692467482217,0.01794953607959382,-0.000420147176713348
2018-08-09,-0.0019421105179416864,0.017049608095812484,0.002034602306637101,-0.0013662931405448164
2018-08-10,0.012273607615463034,0.01741446266993584,-0.0037224765712390306,-0.006700010136546752
2018-08-13,-0.0063581298630623895,0.015557259144908115,-0.00475541404131552,-0.00374382749569635
2018-08-14,-0.002380893452094579,0.014587750360665532,0.00989762566835517,0.006380685082735482
2018-08-15,-0.030280410972170824,0.016620887227123123,-0.006421106013997591,-0.007467051081563536
2018-08-16,0.006921964827800053,0.015110662065724074,-0.010884375587430162,0.00809136461335469
2018-08-17,0.006874497157508541,0.015550799453803504,0.013067437039621765,0.0035201632067967115
2018-08-20,0.007889494980643397,0.015575081040658249,-0.001697255353896976,0.0021401471340600775
2018-08-21,0.013849136906802562,0.01647059778303563,0.013260807390214069,0.0023451026936187613
2018-08-22,0.007572414963400886,0.012923600680245732,-0.008053667541774834,-0.0005934287357824974
2018-08-23,-0.0004420686564553522,0.012888615637831044,0.0027063250204886202,-0.0013279432305620675
2018-08-24,0.013121028536386747,0.0129691845394397,-0.01585692697272678,0.00601842645747408
2018-08-27,0.0021827928290798493,0.012658771981566659,-0.0140555800531027,0.007895428663093451
2018-08-28,-0.004936894928496693,0.01279404797133276,-0.008344899176958465,0.0004832254450171103
2018-08-29,0.014300355674742304,0.006317361040666069,0.015077132841030627,0.0053803867754806944
2018-08-30,0.010645919163104534,0.006438321660245264,-0.007253854433720841,-0.004048136030392224
2018-08-31,-0.00640565050878561,0.007731134162384413,0.014613714626075192,3.4581168753433644e-05
2018-09-04,0.0010028609135204203,0.00782822604808822,-0.031892983085852755,-0.0017224852958138692
2018-09-05,-0.01645915959170563,0.0097025390143121,-0.009918483309854675,-0.0026910966281039617
2018-09-06,-0.01382428056986873,0.010663105737535069,-0.008228980779795059,-0.003010539833404824
2018-09-07,-0.0002950663133676201,0.010662654758183383,0.001442982826207917,-0.0019432917450844522
2018-09-10,-0.003099617482991257,0.009615946105603302,0.010086411274793816,0.0017388957196315946
2018-09-11,0.02531831598005696,0.012880092489140743,0.008559261303710874,0.0032969316029891615
2018-09-12,0.01617332486039036,0.013578316949756619,0.0003535811515111842,0.00024263931629953106
2018-09-13,-0.025294960057080096,0.015472319287076526,-0.004241811219342861,0.0059142066649930936
2018-09-14,0.005831776457727145,0.015133138780991514,-0.017749362397436408,0.00017199970163073175
2018-09-17,-0.0011595043359490242,0.015042749552393406,0.016985880742973247,-0.005294197739875273
2018-09-18,0.013640904978337476,0.015760347934888227,0.04228862866186245,0.005425631409013754
2018-09-19,0.018181879745229557,0.015525646644978184,-0.0085237281348709,0.0010661052625606793
2018-09-20,-0.004499433105542128,0.01461998092685388,0.023383795866471102,0.008103616931002477
2018-09-21,-0.0002825462090207953,0.014619527120687249,0.00033599714282250837,-0.0009133061765564943
2018-09-24,0.018366813706954588,0.014954909444882286,0.020490463136699555,-0.0033222739338165663
2018-09-25,0.002774652374606612,0.013447540429028607,0.014483182622660795,-0.0009274197057518307
2018-09-26,-0.009822898401542601,0.013425670751319445,-0.01979237779984211,-0.0029926043603527575
2018-09-27,0.007684826800377742,0.009520167023897763,0.011585596455273572,0.0027944995031201625
2018-09-28,0.015668291879973983,0.010098061419369125,-0.01570683814288465,0.0001030196895939195
2018-10-01,0.027986389785089605,0.011840179504369039,0.028590494358721408,0.003474407894992426
2018-10-02,-0.0009296107833635103,0.012095271548027422,0.023270777612110827,-0.0005829484356357773
2018-10-03,0.015685235311996282,0.011874326366912987,0.02021482373215311,0.0005487771308663181
2018-10-04,-0.0272215905165063,0.01587523217468023,-0.020123856605766877,-0.007815462357759873
2018-10-05,0.0001344612752554042,0.01586038144073127,-0.006951050442893569,-0.005597256710417442
2018-10-08,-0.0006725238744436091,0.01521134451153027,0.03945277662074753,0.0
2018-10-09,0.009018685700477258,0.015322940359018126,-0.0003060690336734728,-0.0014593924323255125
2018-10-10,-0.023879414853116288,0.017232472065404025,0.0055112943318209595,-0.03166316776246336
2018-10-11,-0.030066926380980963,0.01986708459477548,-0.018879426842883462,-0.02202630928132232
2018-10-12,0.005213401589734934,0.019128832996860443,-0.01893230059063733,0.013888330007710836
2018-10-15,0.006167682422105081,0.016304339485353432,0.025624830529344278,-0.005617250444523769
2018-10-16,0.0019503955423416652,0.016402598039328652,-0.0009253611614823409,0.021866279482742224
2018-10-17,-0.030172389101676966,0.016582907364901048,0.025007671866556835,0.00017808179300415894
2018-10-18,-0.015770587442596296,0.015544047883021682,-0.03674698237117191,-0.014441094496696394
2018-10-19,0.006846339552169622,0.016061393078354604,0.016260177148436306,-0.000542534204945988
2018-10-22,0.0007233133735047304,0.01612973122785468,-0.03446153494027948,-0.00448888306876194
2018-10-23,-0.039612518957672704,0.017988543928928995,0.02358186152788777,-0.005090428579277773
2018-10-24,0.005870832272419024,0.018238244200837663,-0.014321296807091155,-0.03029875272547744
2018-10-25,0.007632477380420832,0.01724249904509849,0.011370819522852571,0.017940601362301578
2018-10-26,0.0038614956151095114,0.017157610893722877,-0.005309169413531212,-0.017587596309037168
2018-10-29,-0.008137231131272515,0.016689829285220715,0.0,-0.0055402494589191775
2018-10-30,-0.0128281712202718,0.016493790153608887,0.000627972840193447,0.014818625846154232
2018-10-31,-0.013146006989576686,0.014756110105191416,0.023219291152471344,0.010680569825521014
2018-11-01,-0.02480476178905633,0.015639831109854722,-0.007359684155692214,0.01064199828603507
2018-11-02,-0.008635566791014182,0.014822260883634062,0.01451959576818429,-0.005923008398749374
2018-11-05,-0.0006335273347167769,0.014730227448651417,0.08617539563763676,0.005517223669607052
2018-11-06,-0.014104586547865727,0.010429074269376266,-0.003364128343123829,0.006327457175681284
2018-11-07,-0.008680291327349154,0.00948478958841178,0.0,0.021409048630063987
2018-11-08,-0.01621534019281945,0.008016615847177035,-0.0033755509699008313,-0.0018147693027579237
2018-11-09,-0.007911645899505215,0.006402498533837667,0.04967544993179529,-0.009768557862364635
2018-11-12,-0.00431962664006158,0.006731304844551754,0.018553375597336608,-0.018684839454865654
2018-11-13,-0.07074923505549546,0.02006687655919978,0.08262928102324119,-0.001871276328988536
2018-11-14,0.010055690197529277,0.021816740534345007,0.1794684445643353,-0.006836491311053461
2018-11-15,0.0037333170572917407,0.022196737340427073,-0.16518499152793342,0.01043656957766892
2018-11-16,0.0,0.02249714589367024,0.05794941133403397,0.0026006519430521458
2018-11-19,0.005313482853793516,0.02287362911356753,0.10018726351381901,-0.01691465335013176
2018-11-20,-0.05866804289693062,0.02756066834989786,-0.03765958573603467,-0.0185061264311015
2018-11-21,0.022459306683238145,0.02997531299985042,-0.01591853938329335,0.0034073303019603873
2018-11-23,-0.07706393587510085,0.036479778999443484,-0.03212763851309952,-0.0066785859407795245
2018-11-26,0.02399847169996905,0.03875715746462947,-0.01392756303564624,0.016144538997226343
2018-11-27,-0.0013557949520836,0.03885507201322802,0.0032956540694704106,0.003364532375803586
2018-11-28,-0.024631505506932605,0.033810448649683154,0.10628814165755385,0.023025239465958913
2018-11-29,0.02306621249342533,0.0348847939112485,-0.014634197647428127,-0.0021851441978911756
2018-11-30,-0.010106908650198476,0.034627281486108635,-0.007318106018370685,0.006095164310607304
2018-12-03,0.039662290313365434,0.037971603514599196,-0.05919335736474063,0.013241621569406892
2018-12-04,0.005665707889290994,0.03798315000857496,0.027195101995781457,-0.032402459929101846
2018-12-06,-0.033051611671985004,0.03473906208689752,-0.02916752166415637,-0.0015170404906958979
2018-12-07,0.02175177501214076,0.03468181366002335,0.037208174180993314,-0.023236129599820132
2018-12-10,-0.030602558290690807,0.025615129610254646,0.012700570695891145,0.001897127760257522
2018-12-11,0.012745127958409874,0.024746408171168143,-0.030363038311897905,0.000227068731255331
2018-12-12,-0.009680541824369171,0.024948033811141242,-0.061493057512922555,0.005035712770137701
2018-12-13,0.02795699437960497,0.02484277182817777,-0.0029013741464113396,-0.00033933528317897643
2018-12-14,-0.0262457402065015,0.025681019701497526,-0.07201749867464946,-0.018464906180055696
2018-12-17,-0.02578124365536505,0.026807159119889293,-0.07812902899841578,-0.019618129443428223
2018-12-18,-0.07297512653774241,0.030831330419997697,0.0878684616088996,-0.0010966016673519263
2018-12-19,0.020761225121661564,0.03218767608589335,-0.02918186212361873,-0.014975814265581588
2018-12-20,-0.027966094777283512,0.031847930808122295,-0.03837899172746417,-0.016277744065022692
2018-12-21,-0.006320856773669115,0.029812043559574383,0.06502931723452288,-0.020489666686190566
2018-12-24,-0.06712001235028109,0.034034903736425176,-0.09145701742854817,-0.02642304350690239
2018-12-26,0.08676234534016736,0.04693713713771546,0.021920961937474504,0.05052495320015815
2018-12-27,-0.034833417737565986,0.047583983734283776,0.027942415351814853,0.007677321800522829
2018-12-28,0.016139906093972423,0.04660213429699403,-0.0930807222341693,-0.001289887992759975
2018-12-31,0.0017647918183540945,0.046609940754073,-0.10990006630678428,0.008758642091158286
2019-01-02,0.024884410304168547,0.04756342136801978,0.0061224105837087706,0.001040582513816224
2019-01-03,0.011817774521724278,0.041439013988803106,-0.00439486534387612,-0.02386288871200437
2019-01-04,0.018475237397869382,0.0413337999366101,0.033616291801679354,0.033495845265938406
2019-01-07,0.011676425854485029,0.03998094768224343,-0.032851480807343014,0.007884443818299003
2019-01-08,0.02596863787398407,0.04014972145337322,0.007812500632691899,0.009395264219150379
2019-01-09,0.0518280814447849,0.031625276258669864,0.0057296797782153686,0.004673652353599511
2019-01-10,0.004392657363545993,0.021979627979866575,-0.005026764962663632,0.00352766230676016
2019-01-11,-0.019015021812103794,0.018418440047821845,0.04378574321187645,0.00038596245419286745
2019-01-14,-0.020934325021522815,0.021577636698624746,0.15876092501793337,-0.006100688992173975
2019-01-15,0.03167694203102456,0.022206070006897703,-0.025062698574255582,0.011460977723537935
2019-01-16,0.0038380495221050914,0.022064880131549027,-0.033418985147223634,0.002419670348994485
2019-01-17,-0.004588064847372397,0.022679020785229657,0.008569752756979021,0.007586796792347084
2019-01-18,0.033224496876812726,0.02372304542417337,0.020216819092486515,0.013309959938717641
2019-01-22,-0.022862445347193172,0.026135738275921368,-0.12693858024000304,-0.0135104341113097
2019-01-23,0.0009510982946698832,0.025450553577205107,-0.019736823530408287,0.0020925614943572146
2019-01-24,0.009692173063147624,0.0198687571233446,0.03993287156935277,0.0005313001747166979
2019-01-25,0.010540138289773626,0.020057677450059666,0.025492093181274766,0.008461494316796436
2019-01-28,-0.03166319597178191,0.021865137611810127,-0.08401509194119694,-0.007600270284179866
2019-01-29,0.025389491290802146,0.02161033854738828,0.01339746965077282,-0.0013268750277359853
2019-01-30,0.017257515386338795,0.02010730199477876,-0.032542357484488416,0.015830626723003727
2019-01-31,-0.008113565008723622,0.02048146441043137,-0.014015486681307032,0.008782432464652823
2019-02-01,0.027328451031528367,0.021625453304542203,-0.028429256146713322,0.00048178482748406637
2019-02-04,-0.01266733567687095,0.020060023146420677,-0.027066526196786733,0.00703499283844522
2019-02-05,-0.016495628724809475,0.019283889972913613,0.0007518251793137143,0.00419190883835352
2019-02-06,0.006522520967505718,0.019323537411547746,0.0,-0.001317877382022048
2019-02-07,-0.025365654035552243,0.02103441705293119,-0.041697905740827546,-0.009532989257866498
2019-02-08,0.0015197916410010226,0.02068812930592306,0.012544031731819727,0.0012214746773404617
2019-02-11,-0.005880147308670369,0.017955248952772063,0.022841663384526756,0.0005547957342120213
2019-02-12,0.013165400280821693,0.01646036304625005,0.017411053940986188,0.012859346170508434
2019-02-13,0.015065971275831647,0.016213771030080752,-0.042038659821475255,0.003246579332734978
2019-02-14,0.009461935196575899,0.016248353005484294,-0.0007767353099205065,-0.0022179716083547962
2019-02-15,0.02168719552444376,0.015313998597825507,0.02020988989564798,0.01089748999337603
2019-02-19,0.008994423432767684,0.01473391676024644,0.014095215570359088,0.0017301387196237972
2019-02-20,0.014797611233722252,0.013429899406648791,-0.009767101226780928,0.002015611035442788
2019-02-21,0.0007027567957507141,0.013530313900156203,0.023141164877396703,-0.003555574947193385
2019-02-22,0.005266840622936808,0.008208175124862485,0.007415639869668089,0.0061999513438306675
2019-02-25,-0.031086252732695052,0.014970255200548264,0.04379829138909663,0.0013612797431394874
2019-02-26,0.00036049852070463295,0.014581243933916108,0.006699595781302525,-0.0007157773518551291
2019-02-27,0.025945921201963706,0.015803391370120785,-0.019614708898015087,-0.00042953039755921907
2019-02-28,0.004917502647476368,0.015560390286527805,0.0046445199460265485,-0.0018624841400929348
2019-03-01,-0.0248165318655883,0.018277161689214613,0.016714057869750443,0.006243714634756925
2019-03-04,0.014157722694065011,0.01754752868380777,-0.000699494600974071,-0.0036371717619327892
2019-03-05,-0.0005301074256226501,0.017378795800808422,0.00945045479364448,-0.0013603783606737085
2019-03-06,-0.0060113179691053675,0.01677466388211187,-0.01490984115651861,-0.006056902875411496
2019-03-07,0.007826371703224977,0.01700977555196214,0.008799667808490952,-0.00836533502533987
2019-03-08,-0.010412992484588601,0.01715177187928405,-0.0003488930714278249,-0.0019996785568067166
2019-03-11,0.012841113333724286,0.01424334010392901,-0.03246071024103914,0.014500807511699909
2019-03-12,0.0014086637624186604,0.014230287091131295,0.004328948478623751,0.0037713080094010643
2019-03-13,0.02444169888790193,0.013960692740420739,0.012931039650620813,0.006619155295735091
2019-03-14,0.006007591810880619,0.013986919786728993,0.012411378247956462,-0.0006402136924092972
2019-03-15,-0.00153557672156035,0.010419035788022635,-0.021015741638773178,0.00494085741693473
2019-03-18,0.009740254449170926,0.01006680552080325,0.019677934467733804,0.00362572083894408
2019-03-19,-0.0010154234749716329,0.010094226557900323,0.008421111806940162,0.00024814093781322377
2019-03-20,0.013552482945982991,0.00975770589954697,-0.018789192023181522,-0.0030101217706269834
2019-03-21,0.0025070651277130374,0.00980922091224641,0.0003546687812083782,0.011294979670793293
2019-03-22,-0.01567186785400132,0.010857217450251873,-0.02410495420436487,-0.01924615646186878
2019-03-25,-0.003726307880955071,0.010830366162161225,0.0007265141463277391,-0.0007524511072071194
2019-03-26,0.019041124408290644,0.011828567909590285,-0.005444683949575424,0.007454359417146783
2019-03-27,-0.008842155346008185,0.010457957267134997,-0.009853996465314041,-0.0052292297233208496
2019-03-28,-0.0018515504230615099,0.010419035770955092,-0.00036865680705244763,0.0037902497496931087
2019-03-29,0.014165264138197742,0.011117293415823383,-0.018436561314720268,0.0063060023149463795
2019-04-01,0.02411042197630997,0.012901142508919817,0.017280242237580845,0.011859041875571963
2019-04-02,0.01607406520561927,0.01325654314214764,-0.008862603367178257,0.0004896121278736842
2019-04-03,-0.0019175893747335193,0.013171326831017991,-0.0026080363050023925,0.0015735500487950027
2019-04-04,-0.005763698617169188,0.013556659620396028,-0.01270084338010391,0.0026531972434282736
2019-04-05,0.015781052834356935,0.012176920643705059,0.00794557236473259,0.004840785279275339
2019-04-08,0.020925803051806025,0.01232450704818337,0.016516482652990216,0.0007620178646290388
2019-04-09,-0.006521769777812825,0.012695598102643427,-0.003323509278559289,-0.005124894072071395
2019-04-10,0.00984684389844892,0.01148506470408446,0.00037056909342458866,0.003411163998105815
2019-04-11,-0.015941785630193217,0.013569275954401253,-0.013333338042836096,-0.00027744137244289924
2019-04-12,0.004875708550897473,0.013346155063115267,-0.0015014821509150567,0.006765759099716773
2019-04-15,-0.007669398473165723,0.012339121654773673,-0.026315853158898173,-0.0006550999666671276
2019-04-16,0.010252389751340685,0.011776625889271803,-0.006949763730862424,0.0006555294039578552
2019-04-17,-0.004527786360763453,0.01191079085054789,-0.021384162591828737,-0.0024469052043144535
2019-04-18,0.003764141856724912,0.011586225875793717,-0.010727036487326091,0.001969301324052486
2019-04-22,0.02656245231628418,0.013277728010956986,0.013654586249452594,0.000861934735689518
2019-04-23,0.00913251341530974,0.012093751089552936,-0.027337562460899245,0.008991460668282603
2019-04-24,-0.006184067017150796,0.012064715461494,0.0028513114867452227,-0.002218985045678634
2019-04-25,-0.010320235414702617,0.012473715844105258,0.021121059314516577,-0.0006162613708685649
2019-04-26,-0.029289984269711522,0.0149548736387477,0.020684187366280637,0.004656941611856036
2019-04-29,0.003159569752764879,0.014898104299240964,0.010522194298320908,0.0015674790132040872
2019-04-30,0.006456690510426855,0.014813516363887703,-0.006941723068492278,0.0005104548131635855
2019-05-01,-0.00485059261510179,0.0145211404816845,0.01747566487070351,-0.007516149530276683
2019-05-02,-0.028144609178857638,0.016947024229162423,-0.011832023001751901,-0.002158974447085682
2019-05-03,0.0021031750611502087,0.01688168810284346,-0.008497518153746886,0.009787655108103754
2019-05-06,0.005004865679111292,0.013754434270521108,-0.016751065174744006,-0.004115173707868625
2019-05-07,-0.013654593961784589,0.012963811005379803,0.005150559353239492,-0.01669982212324117
2019-05-08,0.011726341825942788,0.014340944273776534,0.028774125315326637,-0.0013890591647902628
2019-05-09,-0.006761078173968538,0.014259705593140017,-0.005747075512830602,-0.003026107184801341
2019-05-10,-0.0006483130475318788,0.011553252534566108,0.009248527615991486,0.005023642757298941
2019-05-13,-0.010055123798557553,0.01158196301497123,0.0007636859458299838,-0.02513011951487587
2019-05-14,0.012123162723958858,0.012262618428030548,0.01449823260065175,0.009043453277049363
2019-05-15,0.0038847795922460904,0.012450819807669924,-0.021812655534727443,0.0058575288189066654
2019-05-16,0.013705231664742579,0.009546296202151097,0.014609714479780544,0.009261090300621833
2019-05-17,-0.001749651856535639,0.009607689095204078,-0.00303141234869142,-0.00646488991212002
2019-05-20,0.005417465928631682,0.009625961306008513,0.01596353274163964,-0.006612259313535818
2019-05-21,-0.001743213919401465,0.008185428364509187,-0.022446756084779973,0.009015791190751798
2019-05-22,-0.024924646256331062,0.01126578762010765,-0.0267891065790391,-0.0030715251398721888
2019-05-23,-0.05714748333072894,0.021082274484866603,0.01376330557096006,-0.01221875172347131
2019-05-24,0.012433106934903515,0.02185091909595701,0.007757944295507357,0.002268752902730986
2019-05-28,0.00869858966812398,0.022153005429687993,-0.006158595888958951,-0.009300717756571375
2019-05-29,-0.0055799462252815735,0.021514532381838185,0.019752083461645586,-0.006710644081922235
2019-05-30,-0.03774870207215053,0.023596166106247936,-0.03266235056279643,0.0027309042748171475
2019-05-31,-0.05460328934893255,0.026091992632317568,-0.03651352087056581,-0.013475041343104288
2019-06-03,-0.004672897196261627,0.02593429625087746,-0.020782347154162384,-0.002542836055992592
2019-06-04,0.004319240229790244,0.02583572224598803,0.005409809569742352,0.021706284004845866
2019-06-05,-0.033657428056613536,0.025836777166824584,-0.01572842306826172,0.008662709700231419
2019-06-06,0.01760835607659561,0.028198787537259483,-0.02270821646762522,0.006502547179174645
2019-06-07,0.026621059551565907,0.026701230369829573,0.005593808995521199,0.010006915759295465
2019-06-10,-0.013521084168159003,0.025888352098335062,0.008558074565337526,0.004589087309134987
2019-06-11,0.00018779828287041056,0.025367249943189174,0.017819183236858382,-0.00024197011504956123
2019-06-12,-0.039985001873691584,0.02696801669842669,-0.005418929481665669,-0.0017653787590519165
2019-06-13,0.022291736473489143,0.027655531456908595,-0.025565747023090113,0.0041257579708817715
2019-06-14,0.00439937925796996,0.02226870172441006,0.026666681706691397,-0.0011048221673840564
2019-06-17,-0.011045477716566166,0.022455506593425434,-0.00041900540601869096,0.0003805101060625482
2019-06-18,0.037935705933488606,0.025817456275979526,-0.024308403735597617,0.010470759807052143
2019-06-19,-0.002597461973697368,0.022874086295597885,-0.022336788764012683,0.0022573849879494734
2019-06-20,0.053757501759224,0.02759883123571303,-0.03998246010259965,0.009554129083046314
2019-06-21,0.013768733597307126,0.02691601782563424,0.00045774186065128397,-0.0014535070121923788
2019-06-24,0.008183897234992132,0.025979257721214497,0.05352235075908385,-0.0012243330956603904
2019-06-25,-0.0012089756991272571,0.026033744731994147,0.0021711309157157466,-0.0098082787475392
2019-06-26,0.026802683520376513,0.02008663692215194,-0.007365770241767544,-0.000996804590240541
2019-06-27,0.0008420214914308666,0.020391558579155467,0.014404187675288727,0.0035455123873573413
2019-06-28,-0.016153442361484416,0.02230967979164598,-0.006884593296251906,0.005146006886015186
2019-07-01,0.010603709918604043,0.020937862379177937,-0.017764352787586257,0.009078466759598003
2019-07-02,-0.04806228033938342,0.026554063213696258,-0.011909991568584966,0.00260401878879879
2019-07-03,0.019377780490451357,0.02680097893984548,0.022321407189022535,0.00799534343264674
2019-07-05,0.002964739597016486,0.021122516464334856,0.05589520659959302,-0.001137870916583461
2019-07-08,0.0026082686533959176,0.020705411699479724,-0.006203418772574243,-0.005495111860339574
2019-07-09,0.00294835213479816,0.02055788919374897,0.009155153933762428,0.0012466620045565868
2019-07-10,0.04495933584295497,0.024952611998370792,0.00783507372345027,0.0047779499408244774
2019-07-11,-0.0038060490000796365,0.023788802627144084,-0.01145667605675571,0.00234402713390347
2019-07-12,0.0001660850731974861,0.023792244878685725,0.015314644447422587,0.004477049769727293
2019-07-15,-0.010463332718774865,0.02338610129673638,-0.018344914404525126,0.00033303744955670567
2019-07-16,-0.03289699293275816,0.025577797376107516,-0.04235880332883035,-0.0032252401835423106
2019-07-17,-0.014578274351946696,0.020621281594526426,-0.0008673432198811337,-0.006805130928370873
2019-07-18,-0.026065508525089376,0.021153034100910476,-0.007378455155160446,0.0036607175006300174
2019-07-19,0.005967483464873746,0.021274643148109753,-0.015741151850537927,-0.005554871133939154
2019-07-22,0.010605790783025038,0.021660561282950002,0.027099116251886102,0.002456693335015414
2019-07-23,0.009782981592288076,0.021951016740498448,-0.005190347636351067,0.007149898674214894
2019-07-24,-0.015677283467886993,0.014889813170680256,-0.03478257624548575,0.004699350347568965
2019-07-25,0.0025053576766718155,0.015203500540998647,0.010810778882343053,-0.004776795450351479
2019-07-26,0.003213143586306977,0.0153938779201816,-0.03342248176745943,0.006700013339118405
2019-07-29,0.011921675442167157,0.0163909001389496,-0.012909118988902901,-0.0018216707262347365
2019-07-30,0.020749082597822932,0.014771102304443716,-0.001868261766001189,-0.002454388817819342
2019-07-31,0.009130105098360985,0.01389783026331792,0.04492276666397421,-0.010940478211084015
2019-08-01,-0.07903722982918648,0.028607780715895807,-0.013882730305883717,-0.008707716319983017
2019-08-02,0.031695997410389865,0.030506295447676336,-0.03678467520664297,-0.0075292873590345755
2019-08-05,-0.01742725877402651,0.030760295689067393,-0.024045316839848896,-0.030073502252488393
2019-08-06,-0.019381926955764794,0.030868286668105073,0.01980682565923031,0.014023179814850462
2019-08-07,-0.04736156749841003,0.033567744317759524,-0.01326391072416,0.0005906221340856721
2019-08-08,0.028381302771752104,0.035446491590798115,0.02160349375367332,0.01962033074281866
2019-08-09,0.037304892468957185,0.03796116392217942,-0.004229352844816514,-0.006811608979543471
2019-08-12,0.007889913856436337,0.03781324874569261,-0.00660686136955102,-0.01217354169694096
2019-08-13,0.039504790768057685,0.03953724973024405,0.019952520157979103,0.015551854005649624
2019-08-14,-0.03274954434074617,0.040558087309298135,-0.0018631517380403029,-0.029567546812180656
2019-08-15,-0.013760607058343477,0.03160374909605976,0.04153067183421988,0.0026419417274199386
2019-08-16,0.007343449645997202,0.029903200538094192,-0.014336945894473985,0.014754728793519467
2019-08-19,0.02442136283347396,0.030278742197980282,0.004545450112051208,0.012047517794896434
2019-08-20,0.0023127747773108442,0.029243741583488126,0.003619862834880916,-0.007662555552172656
2019-08-21,-0.011714587249282982,0.023767176431548836,-0.021641055121560115,0.008135568007428429
2019-08-22,-0.005926756990768389,0.023108586081564665,-0.00506919632066305,-0.000307792014215158
2019-08-23,-0.021318885956744693,0.021514074894505405,-0.0032422277638500807,-0.02568721309305244
2019-08-26,-0.009783991087537358,0.021483340948860695,0.03624538590241544,0.011058011122632161
2019-08-27,0.024049234343882064,0.0185012451656992,-0.012556105878375745,-0.003923588012255119
2019-08-28,0.01547421207716626,0.016238213389240867,0.022252509972815693,0.007041694886212868
2019-08-29,0.016672648360131603,0.015991602065641382,0.019991149597018643,0.012772881887602505
2019-08-30,-0.028390065885089855,0.018923124979286655,-0.004790905037340143,-0.0004441989347522268
2019-09-03,-0.02105262939266561,0.017998446628147174,0.03194746235516854,-0.005847010768916361
2019-09-04,0.04301074812551886,0.023374732257075644,0.036895628376016676,0.011350343600532886
2019-09-05,0.000711001008189438,0.0230041126262861,-0.004089975761264686,0.012855525081653996
2019-09-06,0.003907659390487206,0.02286853442474743,0.02505137993935258,0.0007719060169615322
2019-09-09,0.02353145798983669,0.022100742822533135,0.0356570451972269,0.0005034614530183834
2019-09-10,-0.007778685568047061,0.021941944710329373,-0.0019342802193930142,-0.0002350414861224115
2019-09-11,-0.02874567041840581,0.023670934815803065,-0.010852666185147353,0.00711102627474669
2019-09-12,-0.011838562285419019,0.02348437859323105,0.008620625224685208,0.003464161224300044
2019-09-13,-0.0043565379887827715,0.022653140250751682,0.015540094059560916,-0.0006639883342151043
2019-09-16,0.14676396127077207,0.05095777556721147,0.025631182157534793,-0.003088578284329735
2019-09-17,-0.05659779470476367,0.05480145163331495,-0.004848941242759253,0.0025320703831104296
2019-09-18,-0.020728000321427187,0.05435148659050603,-0.011619152589946946,0.0005978088557718753
2019-09-19,0.0003441827147410148,0.05435444178571853,-0.03754265224160469,-6.67318608582601e-05
2019-09-20,-0.0006881285875166565,0.05437896246552644,-0.001576117711512448,-0.00472439357853327
2019-09-23,0.00946805363428882,0.05399796712971234,-0.0027624189833131974,-0.00023491085875448903
2019-09-24,-0.02302180232217743,0.05453548210626037,-0.009497400039211179,-0.007846605877077195
2019-09-25,-0.013964029050027915,0.053833657304163625,-0.00039949161501007246,0.005914823546598447
2019-09-26,-0.0014162122265466426,0.05362487901429681,-0.02957638585082034,-0.0020832555795811114
2019-09-27,-0.00886367667705179,0.0537178608784518,-0.00988464979079462,-0.005387253702825889
2019-09-30,-0.0329100368021743,0.019465776860986893,-0.030782079372955184,0.00463757756749783
2019-10-01,-0.008322559006460062,0.012805138827860744,-0.020171645010482186,-0.011894413951794358
2019-10-02,-0.018276754228981895,0.01259897764919816,-0.01576873126226297,-0.017664895801707714
2019-10-03,-0.003609396445896418,0.012305103639805777,0.03649310989398913,0.008192750872851873
2019-10-04,0.006863691231934865,0.013153511389077421,0.00987548387506254,0.013532070232264992
2019-10-07,-0.0011361744315606659,0.011823067573178749,-0.020833343892546208,-0.004314379311044614
2019-10-08,-0.0022748612679576175,0.011177629997347342,-0.006513185696707113,-0.015524548340915767
2019-10-09,-0.0007600401808005586,0.011225927813661635,-0.02360145835469518,0.009496229270758993
2019-10-10,0.018254403530847174,0.013763411909993358,-0.007162055799980305,0.0067634554501267985
2019-10-11,0.0214752855698086,0.01600393587150956,-0.0018034033446967523,0.01036690126250095
2019-10-14,-0.020292515445513692,0.013622516925823358,0.029810291390795607,-0.0011140710939553378
2019-10-15,-0.014554931462511078,0.014137355295775839,0.025877199999623457,0.009900959786570906
2019-10-16,0.010414679469005206,0.013220403435430642,-0.01539119861348226,-0.0016061554208278706
2019-10-17,0.010682153079166978,0.013385583113771415,0.0065132892219272875,0.002948811838342058
2019-10-18,-0.0027814115525697236,0.013413078151049999,0.0008627502045019941,-0.004376966537370408
2019-10-21,-0.008739260257975112,0.013813967290560388,-0.03534483600243965,0.006779069654819558
2019-10-22,0.015944446674633905,0.014497745572897892,0.015192207142501024,-0.003267096857911045
2019-10-23,0.033419523234683,0.017283545803879922,0.004401404109089402,0.0029098017570592383
2019-10-24,0.004645315630920965,0.016773114857087837,0.014899175690249011,0.0016341478371684204
2019-10-25,0.007647168925420278,0.01580814519869152,-0.006908476912928174,0.0040950717140300075
2019-10-28,-0.015001738023476485,0.014985335996192933,0.06347832604031622,0.005636104627660954
2019-10-29,-0.004837850763660501,0.013913085579666994,0.061733351736205755,-0.0002964129387400538
2019-10-30,-0.008642411493049451,0.014406612391341824,0.03619565086668408,0.0030671621406850313
2019-10-31,-0.01598258347559922,0.01531387870154453,-0.021553358627616204,-0.0026633268237880037
2019-11-01,0.037283138545326056,0.01911070227675714,0.03076342302085866,0.009264115806204787
2019-11-04,0.006049824697014872,0.01852939557611408,0.03942524431096284,0.004017560150223032
2019-11-05,0.012203725071385563,0.018344342272122657,0.014533813517293437,-0.0011066285038504597
2019-11-06,-0.015376569546637575,0.01654714172775206,-0.011879776389696284,0.00022832557456298197
2019-11-07,0.014197037682711189,0.01706153766657598,-0.01980197769386849,0.0035165476399268147
2019-11-08,0.00157480577751401,0.016936087719887843,0.006132741518573237,0.0024667103537807655
2019-11-11,-0.006638732651508383,0.016242351695345693,-0.054499802272439335,-0.0019099211949765715
2019-11-12,-0.0010552474964288239,0.016109354566468725,-0.006067513051088658,0.002107621698121065
2019-11-13,0.005633797519761785,0.015651937532717014,-0.00801226495735441,0.00032417737682832737
2019-11-14,-0.006127424381405566,0.01453943856672878,0.018076989029993884,0.0014556655495490123
2019-11-15,0.01673420389781821,0.010255361093060128,0.015489190865731528,0.0072363096880363464
2019-11-18,-0.011607795728913795,0.011103325577906472,-0.04538689756844094,0.0007376979926412286
2019-11-19,-0.03225241327247208,0.014483744663045372,-0.021823848250568822,-0.00028855919265380336
2019-11-20,0.03441408363314502,0.01806073228317285,0.019521922303469275,-0.003719001862889759
2019-11-21,0.025739821484727532,0.01929028488200689,0.003126180912650378,-0.0016089553808597001
2019-11-22,-0.013827267804242593,0.019987207606408597,0.03817688077157344,0.002224152955617509
2019-11-25,0.0041543683896108075,0.019813463926368843,-0.050281450229114455,0.007749885040799764
2019-11-26,0.006895389371704752,0.01982870321655496,-0.0241010955103359,0.0022657607336105112
2019-11-27,-0.0051360937826442354,0.019960331190406657,0.012550566215161041,0.0044574905265371
2019-11-29,-0.050593743082537945,0.0259894098289837,-0.08796482806311634,-0.003708214246090913
2019-12-02,0.014319393542630676,0.025800877511603655,0.02104344559493687,-0.00849515703340542
2019-12-03,0.0025017761247119186,0.025650411928715984,0.048089303881216905,-0.006706226923049119
2019-12-04,0.04153301059588288,0.026384461735585646,-0.01720608585647454,0.0061704310835004605
2019-12-05,0.0,0.02443919986079108,0.011671578646082592,0.0017978214747975674
2019-12-06,0.013178169668697892,0.02341675272697082,-0.03831888479441581,0.00913397933451554
2019-12-09,-0.003040545656351812,0.022884773206107375,-0.04370179659729512,-0.003144355134891863
2019-12-10,0.003727570637017674,0.022881496529626188,0.0143368390761196,-0.0011151093250830746
2019-12-11,-0.008102689792935491,0.023040603529147163,-0.009275578186131672,0.0028386221727634275
2019-12-12,0.007147753499656906,0.02301410624571334,0.03789569192620945,0.008619090544850438
2019-12-13,0.015038854090215326,0.01386916644932826,-0.013745731918388793,0.0005991413929242739
2019-12-16,0.002330604134504366,0.013840889419690191,0.01959933633239541,0.006870137138356158
2019-12-17,0.012124224436744546,0.013794496766001406,-0.009397724747440273,0.0002192039231936338
2019-12-18,-0.00016406829272264112,0.007555349233244363,-0.014230268343759955,6.248095381011787e-05
2019-12-19,0.004759575153041817,0.007408172279183283,-0.005686794124306616,0.004098704498988193
2019-12-20,-0.012740976452812691,0.008557351431405576,0.02419712569777821,0.0043845086619849205
2019-12-23,0.0013236570627475075,0.00837494380233462,-0.04896910595083748,0.0015278321795981764
2019-12-24,0.009748845805109374,0.008680342523008387,-0.018970214799634122,3.108388573935805e-05
2019-12-26,0.009327437230096658,0.007883958257362563,0.05616942121363411,0.005323079920215745
2019-12-27,0.0006485232705808475,0.007944771405390514,-0.05928505810751561,-0.00024786373926177774
2019-12-30,-0.0006481029607291466,0.007076835023746174,0.012975030791129827,-0.005513310128142268
2019-12-31,-0.010051863307671494,0.008145595142620345,0.001372270088318528,0.00242996962537978
2020-01-02,0.0019652625153272485,0.007248076152907737,-0.030607544810224097,0.009351546367258434
2020-01-03,0.030565526684486866,0.01195820128049528,0.0037700921304677504,-0.007572134954533238
2020-01-06,0.00348931361404059,0.011949958095822031,0.0023473595087817323,0.003815110193752025
2020-01-07,-0.009009004120439812,0.01143848730712348,0.01264634685224375,-0.0028120224924653714
2020-01-08,-0.04928229848466481,0.020348549328314706,-0.009713186411463903,0.005329692184097734
2020-01-09,-0.0008387726312464316,0.019980477794121758,0.011676719556392268,0.006780462781663221
2020-01-10,-0.00873069922387304,0.01961719875882689,0.0166205056279336,-0.002877506176307776
2020-01-13,-0.016260146842582146,0.01988082234865177,-0.009082643873762897,0.0068772647437296275
2020-01-14,0.0025826051386492743,0.020001176559873435,0.0022915282402009574,-0.0015247439964605203
2020-01-15,-0.0072127455306035815,0.01995036968655951,-0.030635642236084948,0.0022599121265396427
2020-01-16,0.012281596049237953,0.020621687501143664,-0.020283011865598444,0.008318196928301047
2020-01-17,0.0003417713193305527,0.01681737842488574,-0.03562825479543352,0.0031129406723842123
2020-01-21,-0.0034164803520938536,0.016464847554697334,-0.05391914075040072,-0.00195856344114842
2020-01-22,-0.02742541086623773,0.017587596235747648,0.005277039875413392,0.00012085499617975337
2020-01-23,-0.0202679149076469,0.011786173794724075,0.011023636730679298,0.0011471270574738845
2020-01-24,-0.025184413060551747,0.012861645250773669,-0.01713395243351279,-0.008893084765876025
2020-01-27,-0.01937625509632379,0.013241558897335812,0.004754328421276766,-0.016029401473059868
2020-01-28,0.0063981963961805555,0.014040672105735617,0.016824429907568383,0.010479067259270947
2020-01-29,-0.002804744062557041,0.01368284781696784,-0.02947261662785894,-0.0008261378703254829
2020-01-30,-0.022313939631505852,0.014322915946448703,-0.025572711094282274,0.003245428100419945
2020-01-31,-0.011123859285517623,0.011963142585338428,0.006560942995668784,-0.018157917505683296
2020-02-03,-0.02812258968810999,0.011949886605170724,-0.011950003066029335,0.0074285869088099865
2020-02-04,-0.009978048172218812,0.01138791435972972,0.029136873628585302,0.015241130384352042
2020-02-05,0.0229792254711354,0.015999807277099223,-0.005876088310140748,0.011548114488238781
2020-02-06,0.003940901732797153,0.016267480739522732,0.0005373706401410328,0.0033647692139919805
2020-02-07,-0.012365084566858142,0.015287305177128317,-0.0021482000677610635,-0.005329541268699223
2020-02-10,-0.014904610583237776,0.014955863970165179,-0.049515611219634215,0.007465369191230975
2020-02-11,0.00746417054998294,0.015064026849015975,0.012457505534186453,0.0017329530175962393
2020-02-12,0.02462954697757036,0.01805756776736217,0.0313199075314603,0.006442907348494176
2020-02-13,0.004885675375140508,0.017006977841255183,-0.009761392002491709,-0.0010673725345896612
2020-02-14,0.012252063215663744,0.017106683249537468,0.006024116836073068,0.0016026209430932692
2020-02-18,0.0,0.013756372723572333,0.07838864084084274,-0.002577044765779024
2020-02-19,0.023823279474399994,0.014118050111664723,-0.013124636234136955,0.004780837457774245
2020-02-20,0.009194930669005785,0.013046128467567225,-0.01790285680940218,-0.004108155739796171
2020-02-21,-0.007437666795478304,0.013714312266669325,-0.007812492724042275,-0.010298137574238031
2020-02-24,-0.036530549342836616,0.018395972913034086,-0.040944855972022576,-0.03316555620800732
2020-02-25,-0.029749149722305135,0.020428570720089433,0.010946896927421346,-0.030302129535340172
2020-02-26,-0.023446932822953848,0.02162093189626056,-0.014076893799626067,-0.003678079400843526
2020-02-27,-0.03365482054287694,0.021428540160979868,-0.03789127209275156,-0.04491159414836465
2020-02-28,-0.04947975840952801,0.02445949027214762,-0.038812762552170255,-0.004201985807578579
2020-03-02,0.0444593778617155,0.02977130207157274,0.04275535988746193,0.04330699297822238
2020-03-03,0.009197867490390976,0.03026230117656169,0.025056895958533554,-0.02863268376863992
2020-03-04,-0.008478201002364627,0.02796310964118173,0.015000039074157145,0.04203341834549934
2020-03-05,-0.01881139966612022,0.02692162942221999,-0.030104031799061293,-0.033241656577313594
2020-03-06,-0.10065365126354575,0.03780081354504661,-0.03611738832353051,-0.01653131991211998
2020-03-09,-0.2458817809757493,0.07975836705086109,0.0409836385942739,-0.07809434683079874
2020-03-10,0.10375848174309499,0.09282011349930146,0.08886388786549326,0.05174496114704508
2020-03-11,-0.04016301058212102,0.09279349794055848,-0.02995866159247229,-0.048748644915772577
2020-03-12,-0.04487566897449302,0.09285707500108217,-0.019701842208797005,-0.09567716369727453
2020-03-13,0.0073015727694072385,0.09361256492306831,0.015209124244249583,0.08548613712307729
2020-03-16,-0.09549318698424791,0.09178485851067804,-0.02889240344047328,-0.10942364508656433
2020-03-17,-0.060975608135167336,0.08998066941589825,-0.04738296538057252,0.05399204673164726
2020-03-18,-0.2441558344129846,0.10702301779765623,-0.07229612608413061,-0.05063299416142253
2020-03-19,0.23809515337769716,0.14561756528662154,0.03117211495491712,0.0021251026339834667
2020-03-20,-0.11062645060031195,0.1460494311378209,-0.030229788512347366,-0.043094282040815224
2020-03-23,0.04146234028187612,0.13051675373351398,-0.0012468667613949602,-0.025567970146748054
2020-03-24,0.02782532540869198,0.12455252385392063,0.03183520543511009,0.09060319686820373
2020-03-25,0.019991650881324485,0.12535846213323049,0.0036297894567784983,0.014970044755029832
2020-03-26,-0.0771743326791442,0.12642077689120018,-0.013261045128439508,0.05838982691742434
2020-03-27,-0.04823009443316684,0.12604502845821725,-0.0018326335036659147,-0.029785685038980825
2020-03-30,-0.06601580944603092,0.12470487308013892,0.03427179645998013,0.03247558571873599
2020-03-31,0.01941261257771565,0.1249323951127479,-0.02958584013766763,-0.014905265188005723
2020-04-01,-0.008300785160827329,0.09705303756627658,-0.03231705717037703,-0.045004945343616654
2020-04-02,0.24667653178834636,0.09936673585949683,-0.022054169091352605,0.023075460756968535
2020-04-03,0.119273321254463,0.09631902652509972,0.04445876526216819,-0.014454063539373618
2020-04-06,-0.07974594977817817,0.10183421973369025,0.06785927921109192,0.067165968434731
2020-04-07,-0.0939417473200399,0.10731230614276105,0.06990182277964951,0.00101948688354625
2020-04-08,0.0617859095926403,0.10884214314374603,-0.03725702256647301,0.033568483702412166
2020-04-09,-0.09286567993367378,0.11029982324721738,-0.02804259816614263,0.015217312293666962
2020-04-13,-0.015377872493409939,0.1089931017149622,-0.0051933426050139175,-0.009129928522054187
2020-04-14,-0.10263271988938227,0.11235977611436804,-0.04292343499774576,0.0294926746433668
2020-04-15,-0.011934349270711797,0.11236355423207146,-0.03151510746573116,-0.021247946067949885
2020-04-16,0.0,0.11230723885043348,0.05506879673817133,0.004823999410513702
2020-04-17,-0.08052341791101081,0.07489930268947895,0.039739046196993755,0.02701557256208731
2020-04-20,-3.059660652724544,0.9544664105932092,0.0975470631877231,-0.01761784833019364
2020-04-21,-1.2660111598392576,0.9905289117735968,-0.05353432614099829,-0.030363343614355665
2020-04-22,0.37662331847024166,1.0208863589487773,0.0647995781522952,0.022194364837441638
2020-04-23,0.1973875413452082,1.0288524638664274,-0.06395046549721062,-7.148833479286854e-05
2020-04-24,0.026666699033794927,1.0335717709115262,-0.038016530879737,0.013938842769734672
2020-04-27,-0.24557264875658102,1.0267543981362144,0.0418098236371669,0.01441842239257407
2020-04-28,-0.03442876287768171,1.0292948447510124,-0.013743802132764937,-0.004598426449926918
2020-04-29,0.22042141275487603,1.041819377089308,0.041805979508627855,0.026178515375738565
2020-04-30,0.25099599121175853,1.05510465112026,0.04280366223191945,-0.009311269288696744
2020-05-01,0.0498938708303831,1.0597581066967006,-0.03027194213951745,-0.026472645101019432
2020-05-04,0.030839164905326344,0.46492045067525056,0.054497378625547155,0.0027580029396157
2020-05-05,0.204512025557537,0.17757430466967322,0.07074763184439559,0.009239121463358257
2020-05-06,-0.02320845713431885,0.153713842638993,-0.08903470085116771,-0.006778469537255805
2020-05-07,-0.018340997843082074,0.14854991352432878,-0.025720140004687475,0.012066671525290174
2020-05-08,0.05053080987726388,0.14839324853893002,-0.037486851731845294,0.01654624154050599
2020-05-11,-0.024252238763970202,0.11159075200347522,0.0016456506067838994,0.0002046818678429485
2020-05-12,0.06793708941435694,0.10539920131275077,-0.05805035489245769,-0.019931230524158683
2020-05-13,-0.0190069727721921,0.09705625331754601,-0.06046509919390952,-0.017685488655515336
2020-05-14,0.08975873737597717,0.07119220954002457,0.04022273251730546,0.011966836727175245
2020-05-15,0.06785199112736828,0.07167012182510933,-0.020820920131194076,0.004597041793121148
2020-05-18,0.0812096284357875,0.07251196646667357,0.08323205492839514,0.030459777246165443
2020-05-19,0.021370217212365095,0.04722371616373679,0.02636009576323639,-0.010271437804351469
2020-05-20,0.03046159010667071,0.04348404088228729,-0.03224044474053511,0.016988317419080134
2020-05-21,0.012839548191333483,0.04025174073762592,-0.03444381059118318,-0.006904152240855832
2020-05-22,-0.01975230557526131,0.04377707629253395,0.012280647940816403,0.0018993982067907478
2020-05-26,0.033082660875822345,0.03928363973674727,0.03581746860339874,0.012320716184609726
2020-05-27,-0.04483252312195285,0.04504416849983062,-0.039598427580921025,0.014878670882099598
2020-05-28,0.027430590475814087,0.042277841264895644,0.06097562073114626,-0.0018448313822804208
2020-05-29,0.05280340084061397,0.03785172188213726,0.012041573570433117,0.004455633995888997
2020-06-01,-0.0014089334852905866,0.035666466348671495,-0.04056242801667198,0.0040419407948564245
2020-06-02,0.03865696387328699,0.02946075261808789,0.001691038156312219,0.008279833940463277
2020-06-03,0.013039921877987526,0.02938032469680602,0.024760850192358408,0.013308452296643125
2020-06-04,0.0032179921946529078,0.028968419019196258,0.000549174487116888,-0.0026264987542262697
2020-06-05,0.05720394007957941,0.032390110819604016,-0.021953940985775744,0.025629258654855436
2020-06-08,-0.03438686818171077,0.03444743423336802,0.003928220485548417,0.012087454662948582
2020-06-09,0.01963864956715322,0.0338987532869641,-0.012297414177975696,-0.007456652231962457
2020-06-10,0.01694914922157742,0.027110029865442795,0.007357109076839841,-0.005579990191189044
2020-06-11,-0.08232319310980873,0.04173240102847594,0.018539321854505353,-0.057649100207174175
2020-06-12,-0.0022014813076161044,0.038738175272718056,-0.04522891274419005,0.011975748333799663
2020-06-15,0.02371761307669029,0.03924364437723556,-0.03581739973610054,0.009335588119679716
2020-06-16,0.03394402404328112,0.03882528924310678,-0.03295390400416787,0.01924797923897059
2020-06-17,-0.01094325096284332,0.0390055526531395,0.014869918953191785,-0.004153862424814858
2020-06-18,0.023182325851930585,0.0395544859952013,0.0,0.00038486403157489413
2020-06-19,0.023429450150284747,0.03581756782634421,0.018925529855449597,-0.005715049943863182
2020-06-22,0.017861612187991316,0.033820867777252225,-0.0029958029616901083,0.0064157318869200175
2020-06-23,-0.0022244230010975974,0.03357035939586505,-0.016226003041556192,0.004603738409250102
2020-06-24,-0.058459268585404955,0.03848311198193362,-0.024434919190737148,-0.02550894814065352
2020-06-25,0.018679372021116247,0.027013084838026048,-0.07201002462787776,0.01072041380788602
2020-06-26,-0.0059400706349500565,0.027175331124394877,0.008771937586134149,-0.023751522533495772
2020-06-29,0.03143671165775985,0.02782610336905213,0.14314380332173693,0.014697741928128005
2020-06-30,-0.010831241735823616,0.026601531848515204,0.02457580779639912,0.01280917212631727
2020-07-01,0.014005582649587511,0.026357041187194803,-0.04568820147363373,0.007004780688590673
2020-07-02,0.020843843229927828,0.026188757816598324,0.037701953091893836,0.0055072361642904966
2020-07-06,-0.000492016162679354,0.025386390988935137,0.05536336628340499,0.015437282394659357
2020-07-07,-0.00024617612521593557,0.02480716420411899,0.025136613516913098,-0.010313891247308193
2020-07-08,0.006893220122030863,0.024856173701741698,-0.027718573817205217,0.007648859497028315
2020-07-09,-0.03129590577604835,0.018142345237258328,-0.02467102909053054,-0.005693098909112848
2020-07-10,0.02347300177303513,0.018621346372356934,0.014614897716555886,0.010210556185973108
2020-07-13,-0.01109742962777116,0.01901856495062145,-0.03656508956184279,-0.008658941729305147
2020-07-14,0.0047382156767130645,0.016486374049314276,0.004025352985294717,0.012959134930841776
2020-07-15,0.022586245389272452,0.01706353541126387,0.01832757428220111,0.00918725849698343
2020-07-16,-0.01092234841277584,0.01740948043875745,-0.030933603845002433,-0.003293714686175897
2020-07-17,-0.003926376623610062,0.016223037641729113,-0.002901912413069918,0.0028991489359071476
2020-07-20,0.005420084254153412,0.01631177109505295,-0.044819568974471924,0.008081452327188154
2020-07-21,0.028179310769008703,0.018486969507891696,0.02071902450916796,0.0021277898960860853
2020-07-22,-0.0014298751168455581,0.01849981988073776,0.0035821147059573732,0.0056918904290752526
2020-07-23,-0.01980911219160819,0.0164007561169531,0.06186791951068171,-0.011931452471229065
2020-07-24,0.005356737821715862,0.014909294603612096,0.012885155371113122,-0.006440747213464992
2020-07-27,0.007507811860502311,0.014252201719865205,-0.040929204779738715,0.007292760268249321
2020-07-28,-0.01346148026765237,0.015242460380919368,0.03806227564900655,-0.006342609948764566
2020-07-29,0.005604277219918519,0.013538657277754199,0.03000001192092938,0.012298751054749868
2020-07-30,-0.032711467745195955,0.016878324393818724,-0.013484345486015403,-0.00356812338181689
2020-07-31,0.008767592807422453,0.01718579471562994,-0.01640239007782429,0.007902529148062554
2020-08-03,0.018375908998204737,0.018155853209690837,0.16787106259806284,0.006951983171738618
2020-08-04,0.016825224814602135,0.016523805391935723,0.04378867422139199,0.003862959340910299
2020-08-05,0.011750548076848277,0.01696105563677023,-0.0009120352889925298,0.00621086787715508
2020-08-06,-0.005688501341111651,0.015584681824007122,-0.011866738050778425,0.006684486922534427
2020-08-07,-0.01740165742455102,0.016699611136114085,0.03371822425398663,0.0007177525920656347
2020-08-10,0.01746718546054371,0.017478779208501497,-0.037980251526283815,0.0029890835617594202
2020-08-11,-0.007868336365353779,0.01705052153672533,0.008360374590671515,-0.008254779007413227
2020-08-12,0.025474586470687344,0.01866206902516801,-0.00875175189883759,0.013942233967409123
2020-08-13,-0.010077255892442571,0.014743497519011873,0.013940507472627761,-0.0018077195649522926
2020-08-14,-0.005445155014064396,0.015102310493500144,0.07974336894205636,2.97334586782938e-05
2020-08-17,0.020947419739937745,0.015387043500187369,-0.007215602856975201,0.00317667537415689
2020-08-18,0.0,0.014810624506813202,0.0333476139845188,0.002160279113734953
2020-08-19,0.0009326396851616625,0.014485128869878827,0.003723650284045643,-0.004163664884028306
2020-08-20,-0.008152771293572503,0.014647378958720366,-0.030502933452522973,0.0031135069608922983
2020-08-21,-0.005636488213858093,0.013369382448441247,0.04081630791191859,0.0035477378322481545
2020-08-24,0.006613102935469906,0.012452212049229281,0.026552311452584743,0.010132981939529495
2020-08-25,0.017128098557745552,0.012826060238125504,-0.009550310114924798,0.0034992512138316556
2020-08-26,0.0009227431818994436,0.010420938869710902,-0.0112495441645738,0.01002565051995008
2020-08-27,-0.008066339687586965,0.010184648129853188,0.047948001691890285,0.002186302033203802
2020-08-28,-0.0016263869269335096,0.009946431735292428,0.030244307398186843,0.006459670636979942
2020-08-31,-0.008377952062475491,0.00796549456226889,-0.010161817745556356,-0.0036227655055778296
2020-09-01,0.0035202466330217508,0.008073306945714967,-0.03916355876428468,0.009418616171117833
2020-09-02,-0.029232929117551487,0.012168964447435093,-0.016224728998172067,0.014464104090404106
2020-09-03,-0.003372666714269945,0.012050066413330954,0.00040222344979978786,-0.0344141369003067
2020-09-04,-0.038675332739444235,0.016585886382758618,0.040611206689448176,-0.008165064041219083
2020-09-08,-0.07568524268505195,0.026825051055222555,-0.0726429518798909,-0.027322709646929733
2020-09-09,0.03509251834681648,0.029622714925705472,0.002499918043616711,0.019747305357264988
2020-09-10,-0.01971090709693113,0.029296815618045865,-0.03449706906657535,-0.01736355718148097
2020-09-11,0.0008043591047672827,0.029649258517293754,-0.023245760603520238,0.0005091275189710309
2020-09-14,-0.0018752613471143542,0.02963807562013731,0.018069585019285794,0.01317091627387601
2020-09-15,0.027375214807086934,0.03238729070894242,0.02251084288504246,0.005052513937455982
2020-09-16,0.049111837201311515,0.037357180713404506,-0.04022016472079282,-0.0039684830040839225
2020-09-17,0.020169356981290187,0.03715310718460374,-0.09925006996381236,-0.008795260599519183
2020-09-18,0.003417119489312892,0.037160403319296646,0.0029383162581499978,-0.011512618853826373
2020-09-21,-0.043784947952720366,0.03778126202591042,-0.10400393018107823,-0.011129657996647668
2020-09-22,0.007377183686060995,0.027013441871371637,-0.0005449845826985822,0.010184424164200179
2020-09-23,0.008333379893192383,0.025278902603839377,0.1586695801226503,-0.023191009094702952
2020-09-24,0.00951668082171242,0.023730984402595322,0.05788230895996094,0.002665426433536622
2020-09-25,-0.0014884984184290184,0.023819621347144975,-0.04848753207594392,0.01616670550749366
2020-09-28,0.008695614263878104,0.023575092457381663,-0.017765249872486732,0.01660973125370102
2020-09-29,-0.03226595093171636,0.025812045252779765,0.21894337110696016,-0.005446381215752583
2020-09-30,0.02367015229078917,0.02167412337242154,-0.013276125289563123,0.007582021021097951
2020-10-01,-0.03729487703814094,0.02338953870362208,0.0,0.006420212960476235
2020-10-02,-0.0431302151599533,0.0259367476696902,-0.03521962342506457,-0.00949460099145194
2020-10-05,0.05856955542044817,0.030866658034282204,0.07260051206209295,0.01773342760867047
2020-10-06,0.03697085423538371,0.03297787288008689,-0.036328882701250564,-0.014216106917449234
2020-10-07,-0.017703403944474116,0.03354675989510954,0.03412697076136695,0.017406486834923296
2020-10-08,0.031038744432762222,0.03485069160691523,0.008058383459788487,0.008862678765549248
2020-10-09,-0.014323869197832795,0.035256345958784255,0.04339544710379517,0.008930094231780927
2020-10-12,-0.028817689973340332,0.03637451413862731,0.05107628898907124,0.016087690465602877
2020-10-13,0.01952828941932827,0.03531000654539564,-0.009024652033840397,-0.006526273704623664
2020-10-14,0.020895525787210767,0.03513871819712179,-0.07670756554339642,-0.0062833998961009385
2020-10-15,-0.001949362311646996,0.03234985600142707,0.05273148016246121,-0.0012357478578557402
2020-10-16,-0.0019530766148807555,0.02766798197728305,-0.0007207543752599799,-0.0006045224646743508
2020-10-19,-0.001223073281657605,0.021924284138182298,0.007933672690755289,-0.015203348014581008
2020-10-20,0.015429763045927691,0.0192464697624186,0.04221825663562817,0.004005996143686019
2020-10-21,-0.03449108385801525,0.021736111721621553,0.03776172024113911,-0.0018930434750928926
2020-10-22,0.015238586783746122,0.01974570965351458,-0.005292766263589654,0.005485397552040805
2020-10-23,-0.01943899919763703,0.020185770130120635,-0.011972069742866354,0.0033950297368416926
2020-10-26,-0.032371321210157955,0.020740302716966252,0.017839102685864416,-0.018479713740383485
2020-10-27,0.02619290159654364,0.021599429926600328,-0.0016533981941211362,-0.0034476346473411024
2020-10-28,-0.055092249734359444,0.02584609242696363,-0.007618417191282312,-0.03417901592973416
2020-10-29,-0.032629078379736165,0.026726559438175132,0.10180242373649495,0.01016395706085671
2020-10-30,-0.010505868749095648,0.02650404583514692,0.01605573202012689,-0.010424845554333317
2020-11-02,0.02849959294974891,0.029459502553884808,-0.03279669961591436,0.011208138101731269
2020-11-03,0.023091508894586665,0.030280155229779972,-0.05702834314813365,0.017655827857896655
2020-11-04,0.039564569423894635,0.03237727941302472,-0.004249758541760573,0.022349197852108427
2020-11-05,-0.009195417530535654,0.03187119336176503,-0.03414316855629962,0.019502830433135943
2020-11-06,-0.04253677460519012,0.033873328348808324,-0.01835482747392514,-0.00022831807781931168
2020-11-09,0.08481425895652728,0.042975348643691666,-0.010041566396849722,0.012565721075440406
2020-11-10,0.026557450248452463,0.042995265838308455,0.03147950863589788,-0.0014668673496200935
2020-11-11,0.002176019131038487,0.03753051203613497,0.02780604288041988,0.0074288001255709
2020-11-12,-0.007961443304718707,0.03507587402443339,-0.01814577042988108,-0.009700957598046567
2020-11-13,-0.024075824160634363,0.03634518534788022,0.006384346282468867,0.013844406155273159
2020-11-16,0.03015198236398864,0.036431714957023784,-0.09949912195090882,0.012482742915896239
2020-11-17,0.0021770718978155745,0.03634093803683225,-0.0018539541681171778,-0.005378547210224238
2020-11-18,0.009413453699630203,0.03485115520856432,0.007429413662093598,-0.012034640981957057
2020-11-19,-0.0019129128871639978,0.03454635716674384,-0.04424774715532864,0.004210074999064339
2020-11-20,0.00982270797616236,0.029681258940526513,0.022376576993563768,-0.0068477249595751966
2020-11-23,0.02158955668965734,0.016533648075536138,0.02301881815284812,0.005994657044875451
2020-11-24,0.0429632702071534,0.019295846061162605,0.02360757303954575,0.016113126014231094
2020-11-25,0.01781338765928875,0.01936581408381644,0.043603534746478045,-0.0015415660890265581
2020-11-27,-0.0039378759304531386,0.01898935349331622,-0.018301096330329614,0.002785239700186848
2020-11-30,-0.004173042648869529,0.01573926366961834,0.013717916011916964,-0.004427331099767229
2020-12-01,-0.017423928382634846,0.016920164412299214,-0.0006939122354894245,0.010937465759895515
2020-12-02,0.016386073058090034,0.017007457321891867,-0.03472227051302046,0.0021038874832590704
2020-12-03,0.007950543729170034,0.01701031399848349,-0.09820144054565261,-0.0002726771483714252
2020-12-04,0.013584551712886084,0.01661633989236542,0.027124084175929486,0.008617439775377767
2020-12-07,-0.01080847423566067,0.017932589517388683,-0.06563112452180875,-0.002054684717651578
2020-12-08,-0.0034965002902287434,0.01763377609941274,-0.0029093806219989693,0.0029260802815458398
2020-12-09,-0.0017543425226828058,0.011936019582805771,0.017924128428012498,-0.008968744266411477
2020-12-10,0.027680103446007465,0.01371718048483115,0.045454572081593536,-0.00032728468401010957
2020-12-11,-0.00448907845131441,0.013746557127917709,0.014884491660392518,-0.0011726678179392325
2020-12-14,0.009018724208607942,0.01368432338613492,0.035121512495764895,-0.004477241438318291
2020-12-15,0.013407048966049828,0.011740104170239822,0.0,0.013519576898416652
2020-12-16,0.004199932117292304,0.011250763513496916,-0.0018642342163028847,0.001569421445642094
2020-12-17,0.011292365515966019,0.011379568292779014,-0.015315699324341181,0.005592113659412146
2020-12-18,0.01530185803205164,0.011521113224653726,0.02427926088429233,-0.0039931273988060845
2020-12-21,-0.027698509937247873,0.014982766827450124,0.0018518059014955845,-0.0035754570526480567
2020-12-22,-0.015081717540615047,0.016065363357220933,0.02772645094235715,-0.0016852454183754473
2020-12-23,0.023394267618290998,0.01713833431797868,-0.06187047953438052,0.0008984521450376981
2020-12-24,0.0022859645218877844,0.015303136680749313,-0.03450926043161262,0.003890243755610312
2020-12-28,-0.012647742403923634,0.01595982531452354,-0.08459087777146224,0.008591022704204754
2020-12-29,0.007979863012151256,0.01591489166514514,0.070281967974128,-0.0019077796964112048
2020-12-30,0.008333365122477288,0.015597149670614428,-0.01824080914259385,0.0014265758235418868
2020-12-31,0.0024793166963146263,0.0155764247977446,0.04830722804038823,0.005080769375158889
2021-01-04,-0.018549083210795736,0.016345108389232914,0.01654196720960499,-0.01361376459121788
2021-01-05,0.048509059745994954,0.022379300506411664,0.046880979805180356,0.006887272852041715
2021-01-06,0.014019642672962185,0.020011750520089917,0.0051814129857303826,0.005978532336125664
2021-01-07,0.003950242123644809,0.018633961811929965,0.004786454735145496,0.01485763640335036
2021-01-08,0.027739519902017173,0.019078815627766442,-0.010626618869960636,0.005697751208084023
2021-01-11,0.0001913920599532215,0.019164822799586142,0.017407381668666844,-0.006740939468514839
2021-01-12,0.018373188219572345,0.0178829990188756,0.0021842162386227493,0.0002111344829702766
2021-01-13,-0.005638023721524332,0.01866552297485788,-0.009444250886318728,0.002692932633496792
2021-01-14,0.01247400962607248,0.01867182675298299,-0.022368943440241096,-0.0035018112831863846
2021-01-15,-0.022587252032214677,0.021338704100208144,0.026631696222165324,-0.007292853973234648
2021-01-19,0.011841079538914112,0.01922044263109025,-0.06978443023011704,0.007852247355913278
2021-01-20,0.0049075526326343155,0.01396455404566881,-0.0027493988499347477,0.013838689737209808
2021-01-21,-0.002066127101495785,0.013932018334795085,-0.018905118797055698,0.0009115746151362458
2021-01-22,-0.01618672300136037,0.015459106388646717,-0.018064969495150796,-0.003539404433734128
2021-01-25,0.009565716388390433,0.01310400173646656,0.0637775521606414,0.003943596129864613
2021-01-26,-0.003032022854352112,0.01316798327388729,0.020753228615470798,-0.0015604112485720911
2021-01-27,0.004561829708899623,0.0117655720614388,0.039156662466513836,-0.024440916209137797
2021-01-28,-0.00964992121585273,0.012021460823418045,-0.034782592921265953,0.00860049677283281
2021-01-29,-0.0026748068253782398,0.011047505356775063,-0.03753759075165031,-0.02001953896446962
2021-02-01,0.025862039356128852,0.011868295127479632,0.11154447171545612,0.01664551024764971
2021-02-02,0.022595688173889794,0.013236094664862842,-0.0017543425226828058,0.014139867768479863
2021-02-03,0.01698320550915855,0.013923116117373149,-0.019683653326819095,0.0007863136743746502
2021-02-04,0.009696551065604853,0.013794027390589695,0.05234847854070401,0.011365890892151898
2021-02-05,0.011026123722783554,0.011468966107297918,-0.024531525760335904,0.003935940463807297
2021-02-08,0.019701016299795926,0.012009358412994485,0.006636414237761734,0.007221675358335844
2021-02-09,0.006727607062894991,0.011249670012979466,-0.01630809570892877,-0.0006658582683907177
2021-02-10,0.005483202389950925,0.011199447542471633,0.026807751034156446,-0.00043554910646070866
2021-02-11,-0.007498272399807271,0.010780543696257062,-0.01477155020152554,0.0016149651476116134
2021-02-12,0.02111949702589211,0.010081614144465179,0.01534167011381582,0.004939864723420451
2021-02-16,0.00975278299061988,0.009063837929224968,0.07451923490231915,-0.0008658792239164548
2021-02-17,0.018151543154644845,0.008557350379443222,0.028763232364701574,0.00022954696437293975
2021-02-18,-0.010140643409782824,0.01055574541978925,-0.0425598259151877,-0.004256296075864974
2021-02-19,-0.021150012716708022,0.01406060194263048,-0.004218043923323922,-0.0017658582833075531
2021-02-22,0.037981092779372005,0.017451460422810518,-0.03779730754031185,-0.007691420004180549
2021-02-23,0.0029272480983124627,0.017003571909588622,-0.025059301876829698,0.0012142677819588776
2021-02-24,0.025133826784161206,0.018016785643554474,-0.008683521151802709,0.011019126902563903
2021-02-25,0.004903472834673517,0.01802734275564636,-0.026979726234664048,-0.024095545759346138
2021-02-26,-0.03195338923819424,0.021671567129692593,-0.0021606201184074525,-0.005152741363696478
2021-03-01,-0.013983749761814046,0.021734378751816236,0.002165298505921731,0.024240051256495976
2021-03-02,-0.014676771085198381,0.02215526900308447,0.022326264798994355,-0.007803047355389503
2021-03-03,0.02560667413049167,0.022955402960408277,-0.00810144488042075,-0.013245734603768211
2021-03-04,0.04161232216961652,0.02593873880228384,-0.024857930973756992,-0.01237499310280099
2021-03-05,0.035406461569869485,0.025612126976470296,-0.016387500163880242,0.018396816408559946
2021-03-08,-0.01573601670085989,0.02501973041872251,-0.013698608371661147,-0.004978990092265212
2021-03-09,-0.01598771509203245,0.025968458738329044,-0.0007507858236887044,0.014277706693923475
2021-03-10,0.006717704902752919,0.024938317344604017,0.01126971151619971,0.006224429135923248
2021-03-11,0.024518841430783755,0.025927205190813613,-0.008915278681392858,0.010139367178345848
2021-03-12,-0.006210179545016681,0.023063828364293607,-0.02548728584663129,0.0013468201948390046
2021-03-15,-0.0033531659603187602,0.022233209470982666,-0.044615362043210594,0.005963276803258477
2021-03-16,-0.009022730438869253,0.021662968402556153,0.03140099423620191,-0.0012614510756032704
2021-03-17,-0.0030864902502700797,0.021014619449405313,-0.01327085066761391,0.003410236289647095
2021-03-18,-0.07120740840208939,0.028437934003842893,-0.018591838445767506,-0.014549582018351548
2021-03-19,0.023666636149088482,0.02673961878101776,0.021765473760117615,-0.0018504379235771973
2021-03-22,0.002116591859179895,0.026685240038443008,0.018540406210695526,0.007985023414547321
2021-03-23,-0.061575970146321324,0.03208383340063707,-0.028659999872572617,-0.007870832095656755
2021-03-24,0.05921056237925115,0.03869037351102609,0.003987237190562043,-0.00508340553356923
2021-03-25,-0.042824434763252484,0.03893930601670428,0.020651329666534934,0.005625653722969526
2021-03-26,0.041154368013920584,0.0423489240526688,-0.005058370343102858,0.01611471763924155
2021-03-29,0.009676892582832108,0.04265558476104407,0.011341433224846709,-0.0005050800941012179
2021-03-30,-0.01640679197042183,0.04279301111728914,0.014307788616941819,-0.002652742164474753
2021-03-31,-0.022956224726055297,0.043106583085759216,-0.005718592077794793,0.00405302146405262
2021-04-01,0.0387086024583132,0.03899171301970749,0.011886464123626705,0.010798972429383324
2021-04-05,-0.04556548742549782,0.041023077706648294,-0.04850322998910084,0.01435333292497809
2021-04-06,0.011594207800246004,0.04128478966803858,-0.021903556405840297,-0.0005904372009368775
2021-04-07,0.007416123599016666,0.03578834351795386,0.026058586704029274,0.0011571939763801442
2021-04-08,-0.0028442694050623274,0.030075653543843128,0.0007936878869925224,0.004746862781607852
2021-04-09,-0.004697966215862492,0.02656605037784438,0.001586022356704353,0.007270055840139511
2021-04-12,0.0064059519566785905,0.022828226637111867,0.013855932507344182,0.00036463110084139494
2021-04-13,0.008040193234541748,0.02274197017239256,0.022647343560040722,0.0029636909950689905
2021-04-14,0.04935196420143062,0.027194447984117808,-0.0003817974558124604,-0.0034153038440410954
2021-04-15,0.004908908172657878,0.02543399576211831,0.01527882405911174,0.01074249592509724
2021-04-16,-0.005200094880527084,0.02309820232538272,0.008276927934441236,0.003342500289528205
2021-04-19,0.003960082302711498,0.015651156158195494,0.02574627015048403,-0.004912945355336706
2021-04-20,-0.014831215297645972,0.017118917031219302,-0.008002936997653642,-0.007321560089273982
2021-04-21,-0.01745676131584084,0.018519067959537405,-0.012834648278389649,0.009462150407436365
2021-04-22,0.0013040233585079886,0.018425717463848777,0.02117390864600388,-0.009133307606369878
2021-04-23,0.011557855786187288,0.018370607583659274,-0.006911623464828098,0.010842469312865033
2021-04-26,-0.00370131227060555,0.018549852497689843,0.021978000864594893,0.002087543539493808
2021-04-27,0.016637034111379068,0.01896314255365363,0.029749084523916558,-0.00021547862622595115
2021-04-28,0.014617127481985293,0.011628728270473466,0.01809956403339852,-0.00028744501528243926
2021-04-29,0.01800816653441273,0.01277663087881808,-0.00478630399763158,0.006372968861294126
2021-04-30,-0.02199661987672563,0.014837670620967967,0.006870484656400722,-0.006570635557366367
2021-05-03,0.014312614131922974,0.015431179316909188,0.01194134626373855,0.002156778411200211
2021-05-04,0.01860760765059477,0.01503388366704438,0.0003371299709187259,-0.0061691981847201705
2021-05-05,-0.0009134599750061367,0.01304352213898622,-0.009774197436618559,0.00031265848628803106
2021-05-06,-0.014017952269492095,0.014576363317653688,-0.003403672766032928,0.007985506988959168
2021-05-07,0.0029362145587148447,0.014419964043278265,0.010245891961531806,0.007277904161955728
2021-05-10,0.0003081146779084776,0.014222558461876141,-0.008789730687752129,-0.009902099842122536
2021-05-11,0.00554529606446863,0.013620958374259907,0.00784447562100854,-0.008924824360219685
2021-05-12,0.012254948938686727,0.01343053066816779,0.004737792807068653,-0.021245196439636405
2021-05-13,-0.0342009999032471,0.01687266143096935,0.0013472375767582534,0.012012517616397878
2021-05-14,0.024287105283134602,0.01703871136814757,-0.004036355103657185,0.015355211105880562
2021-05-17,0.013767689439655673,0.01699902417605355,0.049983115036603465,-0.0025444480324333663
2021-05-18,-0.011770013864614959,0.0165808357995461,-0.031199705584876725,-0.008615787810334452
2021-05-19,-0.032524008595155696,0.019493508792419584,-0.015936286831790825,-0.002621651340518727
2021-05-20,-0.02067552652575244,0.020005619585416,-0.013157906379201223,0.010758160176150167
2021-05-21,0.024657576354655486,0.021929929863202215,-0.00649574486000104,-0.0008188334043429668
2021-05-24,0.03884871263870715,0.025452196536513216,-0.006882306132912075,0.010193998994262543
2021-05-25,0.0003027500702874608,0.025425472606764504,0.009355575050180587,-0.002218559743847215
2021-05-26,0.0021189555062068877,0.025149392124652118,0.02437344941990549,0.001984432660538271
2021-05-27,0.009666204478147034,0.022064303408440105,-0.008713144494204683,0.0005249684360095763
2021-05-28,-0.007928179377626243,0.021250767010750304,0.009465894818071252,0.0017889280038303479
2021-06-01,0.02110979391316503,0.0218348931934026,0.03951775891011566,-0.0008810427388963316
2021-06-02,0.016391030572105336,0.021622029420446883,-0.009342797362648203,0.0015727315138647224
2021-06-03,-0.0002906330368847021,0.0173556501559785,-0.011056961880552718,-0.0037111818817272546
2021-06-04,0.011771620647109238,0.014025234597356795,0.018414993855684125,0.009145736053659537
2021-06-07,-0.005601829564242378,0.014174017410252643,-0.008718098619073689,-0.0009701884321189347
2021-06-08,0.01184457106836323,0.009619673164643272,0.018892537133306186,0.00021321842807786595
2021-06-09,-0.001284853152949239,0.009735421488316656,0.0003196699213698917,-0.0014918239458944216
2021-06-10,0.004717007366684234,0.009661258991811103,0.006391812481841397,0.004647992091439068
2021-06-11,0.008820639330011204,0.00962963905607787,0.04668151085455685,0.001652592696180566
2021-06-14,-0.0004231618550520899,0.008672283657697415,0.016990289506414236,0.0022390435412187326
2021-06-15,0.017494434836540007,0.008058717123614926,-0.03341288443306634,-0.0018341175836025236
2021-06-16,0.0004159564358627854,0.007402410438128113,0.003395036404824525,-0.005583357907836484
2021-06-17,-0.01538462351873171,0.009719761802333091,0.0006152240863346314,-0.0003318477977405365
2021-06-18,0.008445924357947998,0.009448403067122966,-0.011681557505820672,-0.013490176692695255
2021-06-21,0.02819659812494102,0.011815979840864825,-0.007464986024518061,0.014315776914883616
2021-06-22,-0.008145615988127686,0.012444987802245818,0.02099652540969732,0.005346275560354163
2021-06-23,0.00027380609265548195,0.012377049748541714,0.02302027319052513,-0.0012051688094584234
2021-06-24,0.0030104161903514726,0.012384585931987328,0.02550256212349189,0.005915512191693395
2021-06-25,0.010231923175643143,0.012450067028821009,0.022820382988966825,0.0035521541499297093
2021-06-28,-0.01539499449921189,0.013910616181221951,0.03461099820251756,0.002016030526891699
2021-06-29,0.0009600835455807477,0.012933376565926795,0.003594141850679078,0.0005381162776096904
2021-06-30,0.006714138684990489,0.013040563383220585,0.0055096364451752144,0.0008415014408171828
2021-07-01,0.023955384605798935,0.013183117813676216,0.0030136760812609076,0.0055366404611241204
2021-07-02,-0.0009304757636671157,0.013308821209481549,0.010652836435412372,0.007643515383010779
2021-07-06,-0.023815870520370153,0.01335050298797791,-0.0170270170130985,-0.0018215376667377603
2021-07-07,-0.015946650600259793,0.014067620160251584,-0.01127306209686152,0.0035342496709938054
2021-07-08,0.010249383995051264,0.014521769679047709,0.025583984636189827,-0.008148174634819427
2021-07-09,0.02220996795947272,0.016155514490610947,-0.003796078932324365,0.010674953251165853
2021-07-12,-0.006169515819942961,0.016039135880356586,0.0204137308594301,0.0035819538324288747
2021-07-13,0.015519589062886974,0.01567815836278545,-0.014137095831547875,-0.0034089664386323104
2021-07-14,-0.028172793974512,0.01859196719538662,-0.00974026309128262,0.0014919916200240024
2021-07-15,-0.020237874786326326,0.019500080874303792,-0.012568306758456549,-0.003415456641603254
2021-07-16,0.0022330220419752855,0.017335971599050908,0.016602086723271903,-0.007843390781564374
2021-07-19,-0.07505917801000395,0.02812722137766867,0.028579210224509932,-0.014767999232874307
2021-07-20,0.015055706527669743,0.028973673757078492,0.025668135095447964,0.014330290311935556
2021-07-21,0.04271736815530014,0.0328700378072459,0.021413876330632187,0.008096394244481386
2021-07-22,0.022901856905556794,0.033635608266513996,0.011113834480058982,0.0020940123089550067
2021-07-23,0.002224948193114251,0.03269035615444115,0.014239361307384346,0.01028820680611231
2021-07-26,-0.002220008788571315,0.03267030063673241,0.010344900079711561,0.0024547857847767585
2021-07-27,-0.00361566017229209,0.032051897548403235,-0.031935707661407964,-0.004557704124671269
2021-07-28,0.010327953217171393,0.031181872405023094,0.018383327486444223,-0.0004098741007714235
2021-07-29,0.016991343656641567,0.03079239993884641,0.0037091656611698554,0.004147177603697205
2021-07-30,0.004482398659995557,0.030793126420815543,-0.035723079670219926,-0.004856208052798405
2021-08-02,-0.036375861028019485,0.020580685648601466,0.0053653316972563925,-0.0020981998528118995
2021-08-03,-0.009823246655234374,0.0210309362853201,0.023379926039950316,0.008135516220869166
2021-08-04,-0.034155273754276405,0.019617366151476245,0.032530430487928585,-0.00491906585956714
2021-08-05,0.01379302701342966,0.018462325792213415,-0.004329034612322702,0.006332969478723971
2021-08-06,-0.011723803756369944,0.018480361628466144,0.0,0.0016524394972998735
2021-08-09,-0.026361972093488895,0.019586952223361178,-0.019323653692280396,-0.0008136692309085314
2021-08-10,0.027226195354952187,0.022503208153849184,0.007142926772492508,0.0012440014387633536
2021-08-11,0.014057681528810484,0.02280628464470747,-0.007336808059935196,0.0024851323548724658
2021-08-12,-0.0023105221965252776,0.021599400660410915,-0.031042110629979525,0.0029967238148469466
2021-08-13,-0.009407930683705934,0.02128624083866255,-0.018306642536662032,0.0018197784920341853
2021-08-16,-0.016803060854117646,0.019127288319036324,0.02201503154708151,0.0023546005494190503
2021-08-17,-0.010402802319998017,0.019142543829978414,-0.027622960784072004,-0.006555229107680027
2021-08-18,-0.016969474629254244,0.016939641347255344,0.003909331592842458,-0.010944688842236538
2021-08-19,-0.027039420753421917,0.017123793239458528,-0.005711338109421149,0.0015482421133867774
2021-08-20,-0.02151042489283783,0.01763400817876023,0.005483067176023315,0.007957145085806916
2021-08-23,0.053273422835076634,0.025239669580004356,0.024409208244168923,0.008796386655801847
2021-08-24,0.028945788292900954,0.025458169668645933,-0.012420792300306571,0.0015875552908255486
2021-08-25,0.012140948826012021,0.025340682651000253,0.0002567161095570203,0.002098239117833689
2021-08-26,-0.013750767013069765,0.025662201879592894,0.07364637808413876,-0.0059031925180182965
2021-08-27,0.01957875601711656,0.026378681306413816,0.044455035760507355,0.008941087520689894
2021-08-30,0.006837376131936912,0.025681267981492818,-0.014874155359878904,0.004397436099598417
2021-08-31,-0.010258620052950529,0.025672877440874695,0.016724745545615205,-0.00148145555546908
2021-09-01,0.001313815151688047,0.024716038805143472,0.054375125418961945,0.0005314063075072539
2021-09-02,0.020411161986103155,0.022331390150635275,0.005633808055830913,0.0030765981388312102
2021-09-03,-0.010001385478031866,0.020787468781966027,0.015298449113017032,-0.00024275708230137027
2021-09-07,-0.013566206220032018,0.015771258688976334,-0.030560283673589206,-0.003575462412503061
2021-09-08,0.013899116296197223,0.01373002118056193,0.0757443534774771,-0.0012182923333140527
2021-09-09,-0.01673886884597986,0.014528397110661813,0.023809544603050625,-0.004280130685587968
2021-09-10,0.02318758211340266,0.015378977912966978,-0.018485377183773855,-0.007884734807261817
2021-09-13,0.010470391777937849,0.014566956482666586,0.05933570927882781,0.002559299317600683
2021-09-14,0.00014197497038659357,0.014502003453614467,0.005543927085390088,-0.005396514122293472
2021-09-15,0.030513788728570912,0.016325171306908123,0.03802277577232216,0.008352649806018908
2021-09-16,0.0,0.01637196506949729,-0.022893772733822648,-0.0015852849258971569
2021-09-17,-0.008814204438351125,0.01608623983691367,-0.043111530914510254,-0.009741082879392127
2021-09-20,-0.023343063452561208,0.017743864650932223,-0.023506343802298546,-0.01667415263265626
2021-09-21,0.0038411813849723586,0.016928537883686156,-0.036108385226638284,-0.0009444389843948908
2021-09-22,0.023667883448451832,0.01786317312813928,0.0,0.009754653196792917
2021-09-23,0.01481378437069547,0.016467638410117266,0.0355879313056755,0.012150055866501752
2021-09-24,0.009276947842630001,0.015552442355125354,0.03295820736820754,0.0016472322513234605
2021-09-27,0.019870147669719174,0.01612244164782986,0.11011673140921796,-0.002860930895135727
2021-09-28,-0.0021205571794071787,0.01624473929241461,0.023659346723048147,-0.020151816487151142
2021-09-29,-0.006109696890411187,0.014310285299102828,-0.06231806858503619,0.0016830855960476843
2021-09-30,0.002672683995033509,0.01427068714795713,0.07120683761993418,-0.012222330821988647
2021-10-01,0.01132878166000495,0.01377180687326716,-0.0422703495150476,0.011884189819930002
2021-10-04,0.022931016817949068,0.010408068005543327,0.026161209657552087,-0.012896004882773981
2021-10-05,0.01687706148208612,0.01036485269096357,0.09469303214028102,0.010404812176402212
2021-10-06,-0.01900418084632438,0.013131537451034332,-0.10091882564794741,0.0041560957795456765
2021-10-07,0.011235990483702496,0.012944013383737912,0.0003523973522976398,0.008645650167523389
2021-10-08,0.013409902700376897,0.013100618731746977,-0.0197287277880569,-0.001823691740590272
2021-10-11,0.014744778720152008,0.01263798667705213,-0.039532841826904086,-0.007239735132726466
2021-10-12,0.0014903471384131173,0.012410791224841879,0.029934580080410278,-0.002461638146586065
2021-10-13,-0.0024801209047115025,0.012033509221556788,0.01544051523704737,0.003597690272962195
2021-10-14,0.01081545363976355,0.011959320313456834,0.017352351088621765,0.016820717888166303
2021-10-15,0.01192966732048073,0.011978644655882336,-0.04870757169976814,0.007615749398515392
2021-10-18,0.0019446240214291421,0.010899873290934007,-0.07781885687410584,0.002960628921402586
2021-10-19,0.006307576754816191,0.010230209436240598,0.019843652077653928,0.0077148983811576866
2021-10-20,0.010969186019189614,0.00586081850766017,0.016116403002012447,0.003927476472097791
2021-10-21,-0.016334836076273618,0.009526957330415572,-0.010638356743547184,0.002608265851953062
2021-10-22,0.015272753166429842,0.009719855365634751,0.032258151725022666,-0.0010360688815466146
2021-10-25,0.0,0.009263543748216408,0.11704536536426602,0.005362825386199033
2021-10-26,0.010625589385741652,0.009438278643198508,-0.002712749177338658,0.0009000585786342885
2021-10-27,-0.023508539018291197,0.012954189528305135,0.05440329366229757,-0.004430315306816257
2021-10-28,0.001814588553582741,0.012644541543265565,-0.06772010105380089,0.009648836365409919
2021-10-29,0.009177661618607225,0.012430178330395458,-0.06157038094109446,0.0020292193993600716
2021-11-01,0.005743728116386793,0.01249883686361116,-0.04423152280219245,0.0017201559238566588
2021-11-02,-0.0016656678710912365,0.01244820789539823,0.068646346991448,0.004043123831481976
2021-11-03,-0.036348503380355335,0.01662017388103036,0.023096402675657046,0.0061052767707663325
2021-11-04,-0.025352498593666506,0.017607876640300713,0.008112875343162962,0.004712576823874048
2021-11-05,0.031214302254529258,0.020130275465534978,-0.034989552711569116,0.0034696703861802902
2021-11-08,0.008121123284993814,0.02041887410109744,-0.01613483530704385,0.0008536438675388336
2021-11-09,0.02709631651939448,0.022143527990271663,-0.08255020277221015,-0.003305325572907414
2021-11-10,-0.03339281208597611,0.02347185531594364,-0.019883505782572253,-0.008045107726537437
2021-11-11,0.00307351870242889,0.02349413505660851,0.0551229604707868,0.00032357678033756443
2021-11-12,-0.009805067511588605,0.023325767236195925,-0.06952811551812721,0.007546819280729977
2021-11-15,0.0011139539159645828,0.023175497020385044,0.0471718460047843,0.00034251733707435505
2021-11-16,-0.0014836192045299956,0.02317725197411624,0.031891536991422775,0.0039578807644924385
2021-11-17,-0.02971770012871533,0.022210168322360023,-0.06973151590556326,-0.0024294121158887627
2021-11-18,0.00829506790219492,0.020945736018941938,0.01785713578492576,0.0033964781840178926
2021-11-19,-0.03683082626794387,0.02089424097312787,0.0332517561118959,-0.0017882802024630218
2021-11-22,0.008541413126308406,0.020926987863928496,-0.05449161298522176,-0.002815070260093644
2021-11-23,0.0228013029315961,0.020196485587357215,0.03716850532909577,0.0013260036764004557
2021-11-24,-0.001401281660529441,0.01790994913243165,0.020334171934403678,0.0026698520355299404
2021-11-26,-0.1306288805140844,0.04372483945809502,0.07478299110136022,-0.02230323803617318
2021-11-29,0.026412257990629184,0.045828225224269395,-0.10886725394585595,0.012266718801259069
2021-11-30,-0.05389559410354117,0.047188499027055665,-0.05912652943501773,-0.01945771106385985
2021-12-01,-0.009217295369275735,0.04693603530292469,-0.0676592995828954,-0.011107106979277748
2021-12-02,0.014183320260853893,0.04792353888828185,-0.04744003503823713,0.015316284716777595
2021-12-03,-0.003608990432624526,0.047421011079253485,0.0187376066138345,-0.008701360440603434
2021-12-06,0.04874729283736201,0.0509106809837284,-0.11495641532932233,0.011843363791972816
2021-12-07,0.03683990886007793,0.052676214591242825,0.01394582415440282,0.02068478540141916
2021-12-08,0.004302533594218838,0.05191158614701469,0.028856557208660982,0.002647917144007028
2021-12-09,-0.019624076243335065,0.052019704200927615,-0.00026216669051892794,-0.006751486924331029
2021-12-10,0.010290325661350463,0.0295300557350094,0.0291033204507698,0.009413373179919748
2021-12-13,-0.005302040785911788,0.028719683844604396,-0.033375807274688474,-0.00885821891228733
2021-12-14,-0.007855204816974215,0.021497324300123022,-0.012387963217177944,-0.0068801058066757514
2021-12-15,0.0019793493991784317,0.020847783199007097,0.014678427292545537,0.015624964968802724
2021-12-16,0.021306539414643444,0.021201401637040023,-0.00946870408153544,-0.008818359428220512
2021-12-17,-0.021000230737016623,0.02296399332469744,-0.020180556173689523,-0.010642965397973936
2021-12-20,-0.03711539981321654,0.021619890650706332,0.03902440411186103,-0.010633364604900497
2021-12-21,0.04235672354477105,0.022751061507690375,0.009128807094998415,0.01775897497884693
2021-12-22,0.023059608075271854,0.023982734021489833,0.027655754379439346,0.009998767628363714
2021-12-23,0.014156112548875166,0.023149347680303984,-0.0616197483976455,0.006221975052197903
2021-12-27,0.02412249298295266,0.02395378674865279,0.08818011281013916,0.014152121106465243
2021-12-28,0.005425481854771652,0.023651050435877206,-0.0012315552983714895,-0.0008171326864868655
2021-12-29,0.00763351113496924,0.0230967190200937,-0.007644799458510487,0.0012791071499680395
2021-12-30,0.0056165140920581,0.023016506207812218,-0.11505965204160717,-0.0027643691843807217
2021-12-31,-0.023119870485598715,0.024520426792506243,0.0474585524276816,-0.002520245359592721
2022-01-03,0.011567647349721266,0.022925145131341956,0.022788213863893292,0.005789993127503612
2022-01-04,0.011961041151597351,0.016770708520291805,-0.025688086008173072,-0.00033494242491405313
2022-01-05,0.011170290092400004,0.01304072009301779,0.0443906272570227,-0.019202099802252737
2022-01-06,0.020680804648785633,0.012778036615217831,-0.01803192524293884,-0.0009394740299181192
2022-01-07,-0.007047540461187607,0.013548880393001351,0.027282227740151432,-0.003953483484496645
2022-01-10,-0.008491738352191969,0.012821929073863588,0.041624134682391345,-0.001244419062648272
2022-01-11,0.038220602524166036,0.016902594322000884,0.0416769003316817,0.009108246742420834
2022-01-12,0.017483355671057854,0.017238973537305215,0.1430924432253493,0.0027036647987306317
2022-01-13,-0.006292311797034489,0.017808803723743237,-0.12085647692042312,-0.013778578453727763
2022-01-14,0.02070137471242295,0.014820293844771517,-0.0018735121870979698,0.00040900308197366897
2022-01-18,0.01920783364606682,0.015048255958374614,0.004927242617023708,-0.01770977011214203
2022-01-19,0.017909385155464808,0.01517415122260375,-0.05883722986000384,-0.010383555147293833
2022-01-20,-0.0006899443333189259,0.015730280293641877,-0.05680974541084172,-0.011067973985577795
2022-01-21,-0.02025318878396498,0.018123737795366714,0.05181484069726072,-0.019630624797153384
2022-01-24,-0.0214940315265868,0.019866487337967396,0.00700171978549835,0.0042466709088566645
2022-01-25,0.027487708349970053,0.020278533022143844,0.006456424933788174,-0.012208869617674867
2022-01-26,0.020443925598071955,0.018118737573882538,0.055267697653003545,-0.0025089154173466577
2022-01-27,-0.00847164140465062,0.01837898386428816,0.4648117697281202,-0.004937889707922527
2022-01-28,0.0024246516914070426,0.017994228922373266,-0.2595371048958809,0.024835297673466483
2022-01-31,0.015319072054016392,0.017572090476788867,0.05065749872953074,0.018011214434444867
2022-02-01,0.0005671630345758238,0.01689532568152531,-0.025235975200946115,0.006756844693741382
2022-02-02,0.0006803309531120405,0.016102623821510616,0.15786150524977538,0.009714063980549303
2022-02-03,0.022773560595811926,0.01738967366117196,-0.11143427088771718,-0.023505026646065907
2022-02-04,0.02259888103899721,0.015986645743803058,-0.0646481145665655,0.0047023337819611655
2022-02-07,-0.010724709023430812,0.0140010193843054,-0.07436573722705841,-0.0032093062021160135
2022-02-08,-0.021462977343655654,0.015424283292096405,0.003780782447885045,0.00822786188064728
2022-02-09,0.0033572409322819574,0.014361087853599228,-0.0562618437568122,0.014636044477964516
2022-02-10,0.002453642452856286,0.013821689867777133,-0.01247186732008465,-0.017965554125110916
2022-02-11,0.035825559847585176,0.017099781132302,-0.004546634347570744,-0.019718786064595317
2022-02-14,0.025349093974556425,0.01790797751181348,0.06445069472306653,-0.0032693453465170164
2022-02-15,-0.035512250389282185,0.022618546886087946,0.026460084980448606,0.016126815678808137
2022-02-16,0.017269512029492784,0.022910976931947394,0.09544815437120446,0.0011208443694250558
2022-02-17,-0.020286156860866766,0.023487612677538374,-0.04897179271159913,-0.021361225521656535
2022-02-18,-0.0075196428219546085,0.022444471918567348,-0.01226032714897729,-0.006475197530866894
2022-02-22,0.014055109076382521,0.022633970641029223,0.015120719644194036,-0.010731607667794685
2022-02-23,-0.0027070926272950713,0.021269200768077437,0.027790128050596996,-0.017738640232632275
2022-02-24,0.007709002130680265,0.021316594059788262,-0.011897102195802534,0.015049266684729945
2022-02-25,-0.01314514872099748,0.021975528996149615,-0.021453601801292077,0.022063717017628326
2022-02-28,0.045092314094830055,0.02368446017023279,-0.015212492835441349,-0.0025582542887174764
2022-03-01,0.08033851173565365,0.03370560648658219,0.038845980404613956,-0.01523026513691017
2022-03-02,0.06952900645381388,0.03480505442279799,0.04132957174538032,0.01839599768721145
2022-03-03,-0.02649186569257833,0.037683582334373106,-0.008399823844621235,-0.0049783456076771815
2022-03-04,0.07439400271616936,0.03976520949824955,0.06226168240909202,-0.008124699853791495
2022-03-07,0.0321576868161253,0.038205766387698674,-0.036483177515187815,-0.029479132771001226
2022-03-08,0.03601336153610757,0.037939384148387684,-0.06331475710806023,-0.007581604814797638
2022-03-09,-0.12126111859385258,0.06094419777557689,-0.0002208808331578549,0.02681057597401093
2022-03-10,-0.024655017299143767,0.06241850201692435,0.023199297070812364,-0.004515560970215549
2022-03-11,0.03122057435194936,0.061753321972067905,0.02029796195620004,-0.012714973377097816
2022-03-14,-0.05780663668688468,0.0654992024255585,-0.014179875897198158,-0.007308213027667376
2022-03-15,-0.06378021122779332,0.06398018401898269,-0.01932163004192855,0.021990316121315967
2022-03-16,-0.014516813463681721,0.05836605614115687,0.03940462160444014,0.022174146053376642
2022-03-17,0.08354379592718453,0.06556698400888893,0.050968748688145604,0.012511016919195539
2022-03-18,0.01670220950903456,0.06038583349116208,-0.02545087392119172,0.010952741287832302
2022-03-21,0.07086920739842895,0.06437247284215415,0.007608509136192154,-0.0002923070360022484
2022-03-22,-0.0032108508877336517,0.06281475538749617,0.05857136670771679,0.011701360789925674
2022-03-23,0.028364335257270445,0.049276292109384855,0.008675550038164337,-0.012878442421058844
2022-03-24,-0.022535490824048265,0.04913091180622058,0.03230125245402071,0.015074419413467988
2022-03-25,0.01388646287023354,0.04847837092648378,0.03147566664942136,0.004883464074485033
2022-03-28,-0.06971029266933082,0.05030768193234138,-0.01130859828708386,0.007113025826501751
2022-03-29,-0.01623255224202025,0.0451793626108721,-0.031227293854713345,0.01237105569808139
2022-03-30,0.034343840218928,0.04502944638057076,0.05041230418600651,-0.006175028885836764
2022-03-31,-0.06993137578249586,0.04469574549683848,0.006601280850109248,-0.015391188639244047
2022-04-01,-0.010071820388164898,0.04426776402524539,0.013824811961191674,0.0028342156978746758
2022-04-04,0.04039490552869429,0.0392762059101124,-0.0013985834434629973,0.008566484082290993
2022-04-05,-0.012780787281426842,0.03927747936118925,0.05602244006393886,-0.01263125938764742
2022-04-06,-0.05619846782061888,0.039578137270697894,-0.0004973904786402805,-0.009999490179447568
2022-04-07,-0.0020784014409193086,0.03978170937513048,0.05473551354983952,0.0050390499648729214
2022-04-08,0.023221945072172234,0.04063114065045806,-0.012737903041364573,-0.00267404754572953
2022-04-11,-0.04040302396084827,0.037058494765756955,0.058139575510104846,-0.01709212946366645
2022-04-12,0.06692117400917996,0.044357723833744964,0.005569727796547852,-0.0037053490919167764
2022-04-13,0.03628232188112657,0.044541249883781754,0.04745514928822425,0.011453777686339928
2022-04-14,0.02589925130208326,0.038282067823413014,0.04330426809791854,-0.012451825761446877
2022-04-18,0.011781226481383023,0.0378125781897966,0.07123287223834551,0.00041105656712958627
2022-04-19,-0.05221330351798925,0.040590404550766346,-0.08235294619807432,0.016142583617481554
2022-04-20,0.0018525979517276525,0.04033971621699684,-0.033305506758083525,-0.0007415445228172723
2022-04-21,0.01012166341145826,0.034880991074496666,0.0028830880076997634,-0.014953576831035376
2022-04-22,-0.016571935692562545,0.03564542585034225,-0.06080205150334961,-0.027439083870353098
2022-04-25,-0.03458409708877341,0.03731452805855683,0.020661192307464882,0.005797689916924753
2022-04-26,0.03206815509798622,0.03538742443504532,0.02714046361097644,-0.028960962213961494
2022-04-27,0.00314650643487302,0.028742958987496386,0.06087595613682817,0.0028119969130890876
2022-04-28,0.03273871865503697,0.028288558881212265,-0.05215359523527685,0.02525926498434905
2022-04-29,-0.006359132166514847,0.026997230537675578,0.05168408043013373,-0.036955618927161704
2022-05-02,0.004584924217646336,0.02668908384446173,0.031888452226992214,0.006019605812531026
2022-05-03,-0.026243173479971738,0.022203020683239982,0.064080280623934,0.00458380375334877
2022-05-04,0.052729164177174104,0.027783253917613215,0.057958255706414,0.030452948248925527
2022-05-05,0.004174052386858973,0.027728917907891625,0.04373143579153882,-0.03554264121762385
2022-05-06,0.013947852180307585,0.026807866941631023,-0.08425364587965023,-0.005969037691990753
2022-05-09,-0.060854518624946285,0.032156788745010795,-0.12644537739499062,-0.03201732955828407
2022-05-10,-0.03230181705260393,0.03257479325372893,0.051095958557380916,0.0023107411923697363
2022-05-11,0.05964311167633074,0.03792009304325244,0.03452940144896499,-0.015886176275884845
2022-05-12,0.003973116758895223,0.03658261368610788,0.012958112413862688,-0.0010439969926580028
2022-05-13,0.04108169907835513,0.038500593227056804,-0.009820356418376752,0.02390772515219708
2022-05-16,0.03357769170243774,0.03945584194137282,0.03823564404688451,-0.004057615360413935
2022-05-17,-0.015761781702840816,0.03854509866189222,0.04374058020343008,0.020570640091544412
2022-05-18,-0.02500004581709292,0.03677227640834005,0.007707144805409127,-0.04031171987198778
2022-05-19,0.023907316672444834,0.03741105226295266,-0.007170222203379706,-0.00612471963311767
2022-05-20,0.009090137071412485,0.03730210172190553,-0.027082262678514102,0.00043656196521779655
2022-05-23,-0.02596487109638701,0.031818119492480035,0.08177659740149412,0.018710254149957084
2022-05-24,-0.004714881386747027,0.02908923470432332,0.005946830914446366,-0.007633721137612293
2022-05-25,0.005101623440959102,0.023275863078110914,0.019895429757372574,0.00883469950780058
2022-05-26,0.0340795290894087,0.025073619042053744,-0.007022598074260311,0.01998133660913881
2022-05-27,0.008589739577440358,0.022182670153599083,-0.02031878715922708,0.024549384622276627
2022-05-31,-0.0034761582249043244,0.01970311954727871,-0.06668955688950717,-0.005611216063776681
2022-06-01,0.0051452339470337005,0.01886731998162883,0.06764881650721755,-0.008088301680016174
2022-06-02,0.013968424262639223,0.016375800440837585,-0.024264080048104875,0.01904331545825233
2022-06-03,0.017113031171366977,0.01570383443329259,0.004478504224996627,-0.016411327918342322
2022-06-06,-0.003112667098787214,0.015900690644772755,0.09374631098779873,0.0030446620612074593
2022-06-07,0.007679355798391407,0.011703086014805662,-0.0031108485318152024,0.009592140957278117
2022-06-08,0.022611145343251815,0.011584311251590618,-0.06391906257706337,-0.01087211164081514
2022-06-09,-0.004913589969061327,0.012523661908807802,0.030348307631049565,-0.023782943059013184
2022-06-10,-0.006913043803121521,0.010169561308485234,-0.012607376138054294,-0.028995595875172864
2022-06-13,0.002154654348021534,0.010167817211193947,-0.027231657072092852,-0.03796819352674774
2022-06-14,-0.01653849330152035,0.012046803802128744,-0.16494366852324271,-0.003013378872429251
2022-06-15,-0.03043809583194368,0.0161390275098522,0.03213241652895715,0.014256383201532774
2022-06-16,0.01977277623424034,0.01678233461408642,0.005929939126789074,-0.03309598374491396
2022-06-17,-0.06828811148376057,0.026462860248759486,-0.06966779770682474,0.002155529748307128
2022-06-21,0.009948922887682787,0.0270359904640536,-0.019585207966998808,0.025173773775267305
2022-06-22,-0.040307266362120675,0.028462125619085534,0.007344258703486206,-0.0018129795500426704
2022-06-23,-0.018080852756353072,0.02586715453886797,-0.09025954738153952,0.009802604741864007
2022-06-24,0.0321281884661726,0.029871579484189986,-0.0030453684696369887,0.03179397032259268
2022-06-27,0.018119279859469373,0.031326626762599945,0.045176872477104,-0.003819749887509105
2022-06-28,0.019987245117330188,0.03252640813303963,0.0076911538674531155,-0.020432842780826133
2022-06-29,-0.01771656513141484,0.03256541661901595,-0.008090363660569144,-0.0008144936852485518
2022-06-30,-0.036618661757760296,0.03310359610700937,-0.16528167661165893,-0.008124305839036117
2022-07-01,0.025245821813676406,0.03365635103390405,0.05641597432674872,0.01057651155403061
2022-07-05,-0.08235728377794271,0.03663898395968659,-0.036125698934672545,0.0018887564243745825
2022-07-06,-0.009748755986966118,0.0360336411238811,-0.0023537090645685543,0.0033772780779746103
2022-07-07,0.042626658171838194,0.03801185221387545,0.14283115603668883,0.014977095017845832
2022-07-08,0.02005254055561867,0.03820316727519693,-0.04176592255231537,-0.0008224566068080197
2022-07-11,-0.0066800703456525445,0.036648612709561317,0.06496523095269047,-0.011423736089637093
2022-07-12,-0.07925833692240081,0.042902777816260784,-0.04092748313168182,-0.00884904202724568
2022-07-13,0.004799736346456029,0.04188376321250827,0.08534804701801546,-0.00525144496948593
2022-07-14,-0.005399836510715961,0.04194225700518446,-0.013305460209511843,-0.0024287733995020933
2022-07-15,0.018897448127604077,0.04210334347695185,0.06303028717951764,0.019105403673825183
2022-07-18,0.05133725099121933,0.04504207597734529,0.06599206259126755,-0.008257135841440832
2022-07-19,0.01578950068883911,0.03599393115947999,-0.028747178761332814,0.027019187819418367
2022-07-20,-0.018806362133138244,0.03652313978047439,0.10228524735140065,0.006373358157908182
2022-07-21,-0.05779389339573926,0.03857308869449569,-0.009366780261145013,0.010183095287442878
2022-07-22,-0.017125080975710527,0.03759374792631624,0.04626823231804056,-0.00927803888526002
2022-07-25,0.02111932486220769,0.038826811864464,0.051572534178980556,0.0012148404789367184
2022-07-26,-0.017786904297724115,0.029890807994269155,0.030480094740169994,-0.01183103302155597
2022-07-27,0.024005039994878352,0.03086988690084755,-0.03402643776503622,0.025966414844542207
2022-07-28,-0.008636684647699067,0.030966203609253215,-0.06365838985265093,0.012542353392963612
2022-07-29,0.022816890887945362,0.031240092053093832,0.01167940362407971,0.01457866191455448
2022-08-01,-0.047961906562586476,0.02936093302026718,0.006562146095162147,-0.002961115782035506
2022-08-02,0.005644890645886136,0.028596122590826358,-0.06966076803999377,-0.006597498274308
2022-08-03,-0.03982201418928433,0.03009298969415392,0.07267064022722347,0.015659478696761653
2022-08-04,-0.02338410170909877,0.02589232999103813,-0.017420766633719942,-0.0006754699874149672
2022-08-05,0.005308348947856256,0.025996380831928886,-0.007141050572920915,-0.0016902040502716487
2022-08-08,0.019660711807664155,0.025831694619466418,-0.05890375706755557,-0.0011609149420113152
2022-08-09,-0.002864721574600715,0.025505085527884688,0.032151792173147786,-0.0039708880334757835
2022-08-10,0.015801108344483783,0.02460141941653831,0.0471083202572935,0.021003771028536677
2022-08-11,0.026215555582665973,0.02648006979709067,0.08193123126544988,0.0
2022-08-12,-0.02384990552619215,0.025750323970490603,-0.011945002414277095,0.016929156855842953
2022-08-15,-0.029101887092578438,0.02291251212347667,-0.004562039627518777,0.004120669057051218
2022-08-16,-0.03221121535456328,0.02412005580574088,0.06885893759934336,0.001958770428287071
2022-08-17,0.0182595845758029,0.02266891984219886,-0.009111376764614265,-0.007098020644507375
2022-08-18,0.027125177313500615,0.023149490222975362,-0.006058060028038659,0.002906409854517733
2022-08-19,0.0029833883211758394,0.023129084051876702,0.016108045449204633,-0.013437936839700626
2022-08-22,-0.005949028380558663,0.02238706531657545,0.03684659879671148,-0.02082260609252251
2022-08-23,0.03890052506094932,0.02554134026485857,-0.05030996384707476,-0.0024191454621135255
2022-08-24,0.012267991808045275,0.02538108441575235,0.014902652704340547,0.003201031307573654
2022-08-25,-0.02497631743941786,0.02544483032157208,0.00482315934211397,0.014117688337599299
2022-08-26,0.005836585982710529,0.024272402657189093,-0.008426717122395844,-0.03384928231441364
2022-08-29,0.042445784238815065,0.02484890043952975,0.0061316870823699965,-0.006611902216260845
2022-08-30,-0.05535514512246864,0.029669013543674953,-0.033251350443866956,-0.010977885676732746
2022-08-31,-0.022806594847344708,0.030633621887544732,0.009400579503237028,-0.00760916564160119
2022-09-01,-0.03283084691473426,0.031044545478792675,0.01479130393622885,0.003137941867020544
2022-09-02,0.0030019874656297407,0.031045007465127866,-0.05139276914708135,-0.01054443422085749
2022-09-06,0.00011505130102373862,0.03106076703626355,-0.07295695147256709,-0.003773090922665978
2022-09-07,-0.056859978915542286,0.03135113195501511,-0.037200789822603664,0.017964913803141913
2022-09-08,0.019526463588589893,0.03207466096616849,0.009308843936828959,0.0065363772006861165
2022-09-09,0.03890351884585552,0.03543082110094943,0.010233714670523364,0.015534937408228089
2022-09-12,0.011406819372350219,0.0356770628491873,0.031640793956548174,0.01074781545063419
2022-09-13,-0.005354308808830588,0.031539681115085476,0.0042430358591503126,-0.04348244963861314
2022-09-14,0.013400593643982717,0.027836838710318272,0.1001931294008429,0.0038158095839786466
2022-09-15,-0.03820077706346103,0.029425030537192236,-0.08667982599054358,-0.011353296800815538
2022-09-16,0.00011753391785918055,0.027718989030312148,-0.06727539590256892,-0.00762875714087341
2022-09-19,0.007284722619384176,0.02782733501564832,-0.0015456058755378699,0.007754670660401031
2022-09-20,-0.014930670227109921,0.02816706123562373,-0.0045149442810357154,-0.011478298658980313
2022-09-21,-0.017880338204883328,0.02177604430169823,0.00803418397819744,-0.01744393040212644
2022-09-22,0.006631244347404364,0.02095136970699594,-0.08870029536443047,-0.00839963846353442
2022-09-23,-0.0568930425384675,0.023052315968068702,-0.036817625633537854,-0.0167550247726298
2022-09-26,-0.025781036758586673,0.022302700008539705,0.010984154732119888,-0.00989269277826732
2022-09-27,0.023334649157747966,0.025089514633153346,-0.03650584666055112,-0.0025529019178980317
2022-09-28,0.046496834724572,0.030220359735819845,0.032626673715626,0.01967637859444893
2022-09-29,-0.01119900367446125,0.028264028055990868,0.0008736228792967093,-0.02088892371948925
2022-09-30,-0.021420724132169333,0.028708674059029497,-0.015711416545555523,-0.015463392256773734
2022-10-03,0.052082016617280624,0.03408011536517885,-0.04374815442307711,0.026401333286536266
2022-10-04,0.034556970997991154,0.03554815417863758,0.056723356243873146,0.030986430776968943
2022-10-05,0.014332010416963303,0.034900128000985,0.013602447945450402,-0.0023281391867808754
2022-10-06,0.007862292561714224,0.03490393428608046,0.006060648596258211,-0.010315938824724702
2022-10-07,0.04737142550562323,0.028988923848053207,-0.03212851021082608,-0.027893885426273024
2022-10-10,-0.016299677743728425,0.027562786959512944,-0.04638414277640479,-0.0076352592846467005
2022-10-11,-0.019532523131181256,0.029831226025688468,0.025019464366999866,-0.0063328795952528605
2022-10-12,-0.0232792598385676,0.0293933084669094,-0.02440877001535846,-0.0032985875673133824
2022-10-13,0.021084038479006306,0.029010186785884635,0.047552484136364814,0.02639118647059524
2022-10-14,-0.0392772974528901,0.03157326496383226,-0.0427236462415882,-0.022788795532893813
2022-10-17,-0.0017521495714224455,0.027531929900451703,-0.0703548723623767,0.025696997271628996
2022-10-18,-0.03089163840311937,0.026836803614382128,-0.042340420712012716,0.011749460276686774
2022-10-19,0.03296309305714962,0.02882677862031086,-0.04926022593698709,-0.007086257145412667
2022-10-20,0.005026303797039278,0.028730848267494186,-0.019040661586689156,-0.008385489520654876
2022-10-21,-0.010816472073338024,0.022797111434780307,-0.07446803019434811,0.024301561910069713
2022-10-24,-0.0055261752361972505,0.022629831541667346,0.0483968069699956,0.012236527059433788
2022-10-25,0.008749087819218238,0.022684533574393647,0.07963070662609217,0.015968397129237033
2022-10-26,0.03035635228022948,0.024018959399492532,-0.0012470995166724563,-0.0075341035707024995
2022-10-27,0.013309044707156659,0.023414526995647278,-0.07491974318499661,-0.005339993123782527
2022-10-28,-0.013246523135616028,0.019686495320297006,0.09602779741867984,0.02379080760279728
2022-10-31,-0.015585924036402687,0.02051199808793569,0.11805066889749938,-0.007223286164028675
2022-11-01,0.02126434754700801,0.017835605557226575,-0.10086542755035288,-0.004375839075112631
2022-11-02,0.0184451420477183,0.01594653886492667,0.0969548265657203,-0.02509627655256752
2022-11-03,-0.020333353678385402,0.017876470588814607,-0.04674540768473123,-0.010296754480868642
2022-11-04,0.05035729311118531,0.022595764997970367,0.07112974017043072,0.014393106672661471
2022-11-07,-0.008854332031313694,0.02285292489951377,0.08499994747340756,0.009565417931300724
2022-11-08,-0.03137593664552174,0.02608747615816882,-0.11607139730253269,0.005395346472634843
2022-11-09,-0.034641791746627515,0.02699265419521424,-0.04447706741885438,-0.020601855436987893
2022-11-10,0.0074565929860772595,0.026683933372857717,0.06376813078851074,0.054953974798116256
2022-11-11,0.028796089147890003,0.028103429209372286,-0.057701501154337254,0.00967864729214063
2022-11-14,-0.03473467142188813,0.0299900026918719,0.009185218421664976,-0.008506595094916913
2022-11-15,0.012227732488398813,0.029396216018929014,0.01702339974038769,0.00852899191131029
2022-11-16,-0.015301447987488226,0.028813264207114206,0.027510754321781405,-0.007628888979842707
2022-11-17,-0.04615021751664128,0.03141475901770471,0.027258089350364667,-0.0030598109089262637
2022-11-18,-0.019108250493097723,0.024095495100241976,-0.010362691973001548,0.00454044952989352
2022-11-21,-0.004370610216262061,0.02424661476921109,0.07504363820322801,-0.0036362588056937373
2022-11-22,0.015301562021099446,0.024952729688703497,0.0004427069882118051,0.013457143396681914
2022-11-23,-0.03718338011501676,0.02525346414210734,0.07803515230407165,0.006301511465483189
2022-11-25,-0.021298481012460013,0.024765003862255698,-0.03886151019180695,-0.00022362765217109892
2022-11-28,0.012585200574664945,0.022180257635384157,-0.04441917243772675,-0.015957184246255918
2022-11-29,0.012428781862032556,0.02224917231897031,0.07792018007280999,-0.0017173064750692912
2022-11-30,0.030051230117962957,0.024722781616416705,-0.04215622661331275,0.03150051397440734
2022-12-01,0.008317791974691735,0.02500058721993857,-0.027705615731305477,-0.0007359647013067683
2022-12-02,-0.015267149041281347,0.020918940737997674,-0.06782424821009148,-0.0011535099232939938
2022-12-05,-0.03813457018932975,0.02338274931469734,-0.11208405998931692,-0.01798941166873025
2022-12-06,-0.03483686851091139,0.025371772154312713,-0.01936529957676325,-0.014414653502494268
2022-12-07,-0.03016832139756942,0.02504232740923487,0.04644362649446476,-0.0017013655261053362
2022-12-08,-0.007637870232489408,0.02334099919977024,0.04176128630550857,0.007834071994626157
2022-12-09,-0.006157325035592631,0.02289792119741688,0.0474672924254711,-0.007470275031672302
2022-12-12,0.030273185405575553,0.025141995403373175,0.054763813274077755,0.014417267087967867
2022-12-13,0.030340320845399837,0.02709289557431543,0.0528313428319509,0.007569752189855006
2022-12-14,0.025069629990048137,0.02644922991692464,-0.07281905098884756,-0.006393411908098612
2022-12-15,-0.015139728098167993,0.026292869916632912,0.08398133378994999,-0.02446163755194175
2022-12-16,-0.02391275364904788,0.026763322816659323,-0.05308463367240768,-0.011805983559873612
2022-12-19,0.012114706081404858,0.024928896139370212,-0.1134848611063648,-0.008479901193099937
2022-12-20,0.011969595255509224,0.022339225637921144,-0.08972818895758883,0.0013683712319529917
2022-12-21,0.028913190741490125,0.020417988796937722,0.0011264673082749255,0.014952377407010387
2022-12-22,-0.010218457560384864,0.020660650075893003,-0.06245306078135837,-0.014265998847405092
2022-12-23,0.026713121072262203,0.020715225877585477,0.016003185146260535,0.005752144313242891
2022-12-27,-0.0003770585748796851,0.019898789504086682,0.03996851128509915,-0.0039433560743621365
2022-12-28,-0.007167103024935506,0.018841382288898412,-0.10848162574566744,-0.012427946779628662
2022-12-29,-0.007092167744260691,0.017707131619438977,-0.03185391629720813,0.018000333502281807
2022-12-30,0.02372449711927116,0.017893646421237492,-0.01842511742598718,-0.0026342087821958904
2023-01-03,-0.04149017869950289,0.021583287815670895,-0.10882681540434458,-0.004209850220431521
2023-01-04,-0.05316526648980113,0.02774972575900756,0.046138420042848294,0.0077202600086268
2023-01-05,0.01139486371202536,0.02771626854282289,-0.10834130157344835,-0.011413405270080057
2023-01-06,0.0013573839637102125,0.025484495052332454,-0.002688169458695655,0.022932262499867795
2023-01-09,0.011657864301019893,0.025981154417438493,0.053908368093605,-0.0005669057005562861
2023-01-10,0.0065657980865276855,0.024095457873392557,-0.0693094989557449,0.00701273794962165
2023-01-11,0.030484569113404802,0.026658745232818835,0.008793642590430029,0.012647939718667844
2023-01-12,0.01265980727525462,0.026997712820232375,0.0065377089085156825,0.0036407239530564794
2023-01-13,0.018752407604907262,0.0275169071489384,-0.07469554204997264,0.0038794882244830298
2023-01-17,0.004007008419465663,0.026489988158942348,0.0488447088890942,-0.0018317531899106898
2023-01-18,-0.008730318602867326,0.02248052162669731,-0.0766870774070536,-0.01578806850539871
2023-01-19,0.010694494693261003,0.010443333563083938,-0.01087285175758268,-0.007279804336657647
2023-01-20,0.012199622870669558,0.010459354958433748,-0.030839715307112936,0.018628916710325294
2023-01-23,0.0038126330992063195,0.010261802766058628,0.08601134208401118,0.011998542911731969
2023-01-24,-0.018255396263466284,0.013607460271907113,-0.05483032440834912,-0.001073184832924956
2023-01-25,0.0002496477367603944,0.013786561046200206,-0.058624920435663475,0.00037473755047634505
2023-01-26,0.010729888883082461,0.011143937331180813,-0.04010430715963165,0.010990463237791737
2023-01-27,-0.016417748376528762,0.012519396310123904,0.05604618258570948,0.002297553465780533
2023-01-30,-0.022339342024089492,0.013035067533518104,-0.1389514076243793,-0.012546841137429987
2023-01-31,0.012451876786945704,0.013750545030872795,0.002614855944237382,0.014703369768257701
2023-02-01,-0.031190554061179654,0.01659245677596539,-0.0804769295382497,0.010627989283513273
2023-02-02,-0.0069363484267731534,0.01579809929799171,-0.00486217415724155,0.014556924308937624
2023-02-03,-0.03281494404188812,0.016566882502959204,-0.018729642563384052,-0.010629154925661632
2023-02-06,0.009810617613994488,0.01722104841241094,0.019502045502728382,-0.006111340485065675
2023-02-07,0.04088515388399072,0.02304084285510026,0.051689089366211194,0.013078559832082837
2023-02-08,0.017241403183536397,0.023960942621821666,-0.07275549308447748,-0.010934767554053204
2023-02-09,-0.005224973311217407,0.023557416272291888,0.014190383810144036,-0.0086690968469183
2023-02-10,0.021265740635763253,0.02425679807503509,0.03456784769546872,0.0023337686406681435
2023-02-13,0.005268416489138783,0.02292654000217248,-0.04335718783666909,0.011738649172584603
2023-02-14,-0.013476439222361525,0.023212702037904476,0.06735964357562052,-0.00045997106616202377
2023-02-15,-0.005944867634922413,0.020612414116099757,-0.0373977247417937,0.003247432041463272
2023-02-16,-0.001272407160971989,0.02038538530839745,-0.033184952902439946,-0.013768945988476444
2023-02-17,-0.02739204464765732,0.019355957424757854,-0.047718646508969065,-0.0024981131016242886
2023-02-21,-0.002357776845895776,0.01934066925407853,-0.08879126711033136,-0.020060983764786378
2023-02-22,-0.029017943902314935,0.01651155598813763,0.04872169455002484,-0.0013782050566197857
2023-02-23,0.01947265045073787,0.016843594493417154,0.06439736195438317,0.005319459095135981
2023-02-24,0.01233585770931156,0.017585487016027773,0.05920487915299377,-0.010682259548253747
2023-02-27,-0.008385736271063426,0.015592630795676287,0.11423907557013013,0.0034058634692712975
2023-02-28,0.01810257321693398,0.017003154535774556,0.005858671819045647,-0.0036961308084056954
2023-03-01,0.008306286363396032,0.01702014206701768,0.023298190822177878,-0.0038359706217141465
2023-03-02,0.006049700166473881,0.017103567562533888,-0.016364283897399745,0.007777290678960824
2023-03-03,0.019447243754458388,0.01820765416878647,0.08824591275984273,0.01603791688252909
2023-03-06,0.009789141268944146,0.01515760549871708,-0.14523098275122037,0.0006926941130529496
2023-03-07,-0.03579414971648631,0.01997506073445804,0.044712289402331296,-0.01532867758988421
2023-03-08,-0.011858702593856352,0.017608348549093607,-0.0506140365276424,0.001632105030223041
2023-03-09,-0.012261967081940828,0.017316450758967206,-0.0031360780285747403,-0.01844978667740882
2023-03-10,0.012678276135713817,0.017342614018273153,-0.0444356731574711,-0.01442960792783321
2023-03-13,-0.02451743930537087,0.01894802806612292,0.072427932099568,-0.0014252750983867468
2023-03-14,-0.046390388758434375,0.022385345597405643,-0.012663082519910551,0.016530205709997636
2023-03-15,-0.052151985492920105,0.025590343660332054,-0.05207931027069823,-0.0062543288932490615
2023-03-16,0.01094509476540706,0.02604862258520445,0.030750328424295592,0.017545172378967466
2023-03-17,-0.02355523988725683,0.023521755295624745,-0.07000790935162282,-0.011692773076556806
2023-03-20,0.013485189611722737,0.02401870509792574,-0.04918734244157552,0.009615537867396107
2023-03-21,0.024985252168185035,0.02629993041767851,0.056230318133818624,0.01313059174327047
2023-03-22,0.022645314486649415,0.028339258690180242,-0.07538332284413451,-0.01704642705384829
2023-03-23,-0.013258144163271202,0.028359937836857967,-0.007830474396963494,0.00270333835799752
2023-03-24,-0.010005674062359304,0.027458303404329573,0.02878367454824171,0.006562068798356968
2023-03-27,0.051256068623570794,0.03286326222283264,-0.05776174023177816,0.0018699232205598992
2023-03-28,0.005356398883746616,0.028976891972775528,-0.02777781901130061,-0.0022447587702161265
2023-03-29,-0.003142018266772406,0.02189785862335247,-0.019211781119526705,0.01453497693514838
2023-03-30,0.019185987425770934,0.022179644987015367,0.05675541541562268,0.005855224050304031
2023-03-31,0.01748010453614013,0.019137265210976848,0.053231931407975,0.0140944769870468
2023-04-03,0.0627725666042025,0.02483297811490885,-0.05370044772339311,0.0038107620524820973
2023-04-04,0.003606079608682755,0.025057993900867784,0.004291875747189922,-0.005548283151429745
2023-04-05,-0.001238984949267996,0.025446027804775517,0.023266868963968124,-0.002618161015622067
2023-04-06,0.0011164413498225834,0.024158696391266502,-0.06682137137704713,0.0039007104062331877
2023-04-10,-0.011895899885700834,0.024379330984568858,0.08005968170940547,0.0010264341673924537
2023-04-11,0.022447967939319913,0.021017023233007696,0.006445754063544085,0.00026865557472710577
2023-04-12,0.02121922461469361,0.0210945205972468,-0.04254353565573665,-0.004075888825350815
2023-04-13,-0.013211607565434269,0.022171747985782742,-0.04108933030690953,0.013282529377335539
2023-04-14,0.004381608628421407,0.02214384752519793,0.053313459970387056,-0.0024426511574002774
2023-04-17,-0.020479821628224926,0.02402040174571395,0.07615894375836763,0.0035883339089635147
2023-04-18,0.00037113421523327084,0.013827432736966301,0.03999992873642766,0.00065220192655846
2023-04-19,-0.021023954185137028,0.015348664102632152,-0.06086223889965492,-0.00016889694598953842
2023-04-20,-0.023623075544109917,0.016814858871301963,0.012151300738657778,-0.0054571505518832275
2023-04-21,0.007504228544240599,0.01715172793924999,-0.007114287198438651,0.0007768860313581705
2023-04-24,0.011429297011133155,0.017455989952308345,0.017913103956798127,0.001043173487775384
2023-04-25,-0.021457623102689505,0.016362871024164206,0.014958169759272666,-0.015873852746173256
2023-04-26,-0.035941308603020916,0.015975559044802305,-0.08235796499452941,-0.004235658721972402
2023-04-27,0.006191104516539703,0.016858635079917157,0.112423195322356,0.019908053091383326
2023-04-28,0.027019751007838266,0.020102569410577645,0.023354592913693795,0.008535226263545415
2023-05-01,-0.014587068702708761,0.019746778471197074,-0.03817427566509135,-0.001009724786520949
2023-05-02,-0.05286809154627636,0.02435423717980265,-0.04486630200350794,-0.011239323558495329
2023-05-03,-0.04270171687984825,0.02616993809308986,-0.019873491698262913,-0.006864016169261022
2023-05-04,-0.0005831037378584147,0.02623328552962412,-0.03179723654198585,-0.007082838069150887
2023-05-05,0.04054840837648799,0.030621206254803263,0.017134703542223573,0.018512550508219094
2023-05-08,0.025511738402656636,0.03192515830679957,0.04726243714875933,0.0002665355610931286
2023-05-09,0.007517706326306994,0.03177029538787071,0.012958018300490926,-0.004385370113328069
2023-05-10,-0.015601703163243719,0.03010483610964333,-0.03352447134859626,0.004672401698128992
2023-05-11,-0.023290998744135982,0.030656953629974747,-0.00045637951972421487,-0.0017438483295942886
2023-05-12,-0.011711609974429105,0.02854992356025293,0.034703184118144215,-0.0013103633590116903
2023-05-15,0.015276980023382736,0.029423182221460727,0.048102368056203604,0.0034501402038416007
2023-05-16,-0.0035156799023231544,0.02435112646857961,0.00042102211400085743,-0.006682750047779407
2023-05-17,0.02780131532224872,0.020842704264702434,-0.0046295952523394135,0.012138741773277673
2023-05-18,-0.01331870378025335,0.02167537020026724,0.09598308548722434,0.009633341429027498
2023-05-19,-0.004313909768449031,0.017773796263335757,-0.002700605502244602,-0.0014551216826217406
2023-05-22,0.006149473001328065,0.015668485877221274,-0.0715667079495117,0.00040612784110516387
2023-05-23,0.01277963363856216,0.01608774783258884,-0.03291666376921876,-0.011222857994441449
2023-05-24,0.01961312033953999,0.016381659000661773,0.03317531212185343,-0.007244839012384707
2023-05-25,-0.033763715771890745,0.018424398345356963,-0.03794832361812428,0.008660143298911294
2023-05-26,0.011694226875648805,0.018042335676844854,-0.05461635534972764,0.012950576110581036
2023-05-30,-0.04417227418954872,0.02297515093931942,0.06694172802856913,0.0003809905209921638
2023-05-31,-0.019723621719544338,0.023647610688068216,-0.026213954813171347,-0.005545202940193117
2023-06-01,0.02951978622903728,0.023906993147519724,-0.047661093781515396,0.009500835572316069
2023-06-02,0.023395141588396395,0.025033279095172233,0.006487460154930069,0.014461271186275049
2023-06-05,0.005715133458575661,0.025036901122247122,0.033609556414096575,-0.001916251146660275
2023-06-06,-0.00568265631931153,0.025052422155354866,0.007572471817754334,0.0021774356483303947
2023-06-07,0.01101200082313225,0.024957800700635222,0.029619765595125136,-0.0034576567448089124
2023-06-08,-0.017096344748918968,0.02440698957595588,0.00987548387506254,0.006048474335284215
2023-06-09,-0.015710516653087758,0.02255052278233256,-0.041666687785092416,0.0017941590140122532
2023-06-12,-0.04346580450265847,0.025370102564477772,0.005323906032614234,0.009072094161345579
2023-06-13,0.03426691490235978,0.024935688009656613,0.032656611070386754,0.006592832035974716
2023-06-14,-0.016565853589914914,0.024673642132268858,0.0008547408262589151,0.0011908522905950125
2023-06-15,0.034422238451278675,0.025352808685670556,0.08155422037532101,0.012397712470477273
2023-06-16,0.01642588484281804,0.02475849404601221,0.03908408109356665,-0.0034061704578446372
2023-06-20,-0.017832248552030583,0.02530341615117619,-0.05319143925109027,-0.005188261499940561
2023-06-21,0.028794308926196832,0.02703863126804118,0.042134741699503486,-0.005123679827647165
2023-06-22,-0.04163789733756951,0.029935292620841054,0.004235716940857115,0.003609732497254159
2023-06-23,-0.0050352246204099504,0.029582736854208508,0.046395724555239104,-0.0075601147722805795
2023-06-26,0.0030364238483653327,0.02925415784920272,0.02271886982083915,-0.004085672584312028
2023-06-27,-0.024073889753768674,0.02663407370354065,-0.010032203167148812,0.010963331188829972
2023-06-28,0.027474160918700807,0.025769039651687684,-0.0579081017618468,0.0005041735574007333
2023-06-29,0.004312867485440908,0.025068927513297,0.03764888681968381,0.00394157719561572
2023-06-30,0.011165169946782072,0.022759981778258376,0.03591267047789204,0.011800518816659444
2023-07-03,-0.012032821085296463,0.022288778894607127,-0.03180842871851386,0.0011505511340932362
2023-07-05,0.02865740039781306,0.02356643887211657,-0.019195291123242808,-0.0014871913164943296
2023-07-06,0.00013932492133883478,0.021616852983494358,-0.018065523561623498,-0.007830488459542817
2023-07-07,0.028690772577109502,0.017990358697647153,-0.01034877376178378,-0.0025247160880151887
2023-07-10,-0.011779078518719954,0.01857655879110159,0.0336947686328688,0.0025311064130968397
2023-07-11,0.025208987822131323,0.019540248302938656,0.02322968839342776,0.006368418828638589
2023-07-12,0.012294509507328577,0.016021187647815616,-0.036250450035810844,0.00804607534244517
2023-07-13,0.015049496893048575,0.015092070361747457,-0.033054671047577866,0.007936940841377194
2023-07-14,-0.019118236862686544,0.017696702491850937,-0.0023575802678981184,-0.0006229722127967241
2023-07-17,-0.016838990637755513,0.01925684546181213,-0.010634088240978001,0.0034722954774011328
2023-07-18,0.021577861647955388,0.018877827749612473,0.046576377655016765,0.007430544726970689
2023-07-19,-0.005280548196421209,0.01785175841323073,-0.009889700797827139,0.0022237059604863774
2023-07-20,0.0037159759119709257,0.017779360087129603,0.059162523346107276,-0.006634451923181017
2023-07-21,0.019040096439262744,0.016594190340740063,-0.015959343794579195,0.0
2023-07-24,0.021668589276735872,0.016342651993673463,-0.010320720876529688,0.004467321175964711
2023-07-25,0.011303015161217678,0.015245048834038098,0.016759805308360853,0.0027300073827414284
2023-07-26,-0.010674350162489965,0.015961873904344212,-0.023809544603050514,0.00015366296432572923
2023-07-27,0.016628555202999218,0.016090136983322192,-0.06491552019982427,-0.006629867671081979
2023-07-28,0.006118185985385605,0.013849080430407884,0.05858744077566014,0.009790244556760364
2023-07-31,0.015140248113433952,0.011251701938671367,-0.0015162806991032562,0.0019039510822731476
2023-08-01,-0.005256727251021109,0.011362838642553922,-0.028094198327503705,-0.0028615422415839697
2023-08-02,-0.023104397435840918,0.014507802977861826,-0.03242185411800114,-0.01391077356282322
2023-08-03,0.02591527542268568,0.015848151998449276,0.035526870890419726,-0.0028658061760973297
2023-08-04,0.015573226186887723,0.015608080854098741,0.004678302236672982,-0.004522738430162265
2023-08-07,-0.010625419665063918,0.015652817984089157,0.05743112436707354,0.008728408004087251
2023-08-08,0.011959918212595122,0.015687736960597325,0.019082586273843738,-0.004348558194142593
2023-08-09,0.01784856958050285,0.015277012655216153,0.06553840960295454,-0.00668524218178701
2023-08-10,-0.0187204005034316,0.0168184915443675,-0.06623862516201429,0.0003590167717892889
2023-08-11,0.004467553102456279,0.016797862633503243,0.0025334670479293386,-0.0005831485928511349
2023-08-14,-0.008174062810669236,0.016591641676267803,0.009025305248944182,0.005519889631984354
2023-08-15,-0.018422060757570802,0.017631958700764564,-0.0486583730555451,-0.011648795558071301
2023-08-16,-0.019879005467560162,0.017193060900688315,-0.02519741041011403,-0.007338206922981816
2023-08-17,0.012723635313391046,0.015395348241578104,0.011188288496781995,-0.007619769574304547
2023-08-18,0.010697855664647538,0.01486896364212854,-0.026707337606796,0.0004812229624389097
2023-08-21,-0.006523061899038507,0.014653828949917963,0.031752194226550845,0.006506305765969778
2023-08-22,-0.0045837802401709205,0.013891733319353932,-0.027355633562959225,-0.002708502830508386
2023-08-23,-0.018170492995627008,0.012465497262271474,-0.024609361393958973,0.011137602427903515
2023-08-24,0.00202818688486861,0.01195087816939683,0.008810602551642122,-0.013859047644585898
2023-08-25,0.009867156852431336,0.01251397442043924,0.008336605002795983,0.0070498353396770685
2023-08-28,0.003382145019084515,0.012623265636021464,0.015354344455904334,0.006341310785556775
2023-08-29,0.013233523198265207,0.012258814167572218,-0.008918186095916547,0.014454938729105526
2023-08-30,0.0057909508391018605,0.010059376596405984,0.09389671755634765,0.004118767262356382
2023-08-31,0.024500797100250438,0.01187080741557881,-0.010014347750380903,-0.0014634533182911191
2023-09-01,0.02295833865116359,0.013196053714458476,-0.0010837365188629544,0.0018652174480406902
2023-09-05,0.013325533009726831,0.012712633839957299,-0.06618447768354763,-0.004322082846176967
2023-09-06,0.009805034608178831,0.0120220538694668,-0.027885370342446425,-0.006722330563595169
2023-09-07,-0.007653623051613101,0.009636225794218835,0.02749004222478546,-0.0030702016186391345
2023-09-08,0.007367323234873657,0.009304667083478588,0.010081435799395688,0.0015060913778772722
2023-09-11,-0.0025140122881112115,0.010147942791463692,0.0011516395235582344,0.006576625721170126
2023-09-12,0.017756849651809015,0.010277927135942696,0.05176379922925345,-0.005485636277796413
2023-09-13,-0.0036019778029610094,0.011117188141810464,-0.02296754030603798,0.0011660881447870253
2023-09-14,0.018526966575200587,0.011461724737852954,0.010447715385159428,0.008622256772575776
2023-09-15,0.006765671652400274,0.010288861102491538,-0.02363363832657972,-0.012048297582953005
2023-09-18,0.007822041865432006,0.008909407562908785,0.03176999641109712,0.0005864873152146011
2023-09-19,-0.003060848255534987,0.009073090522921535,0.04398831644054346,-0.0020738225764269647
2023-09-20,-0.010087699558448793,0.010059239262027083,-0.040379216128614726,-0.00919346478930938
2023-09-21,-0.007199839772571659,0.010006060632985498,-0.04500554085467612,-0.016528239876318462
2023-09-22,0.004462808637023086,0.009912644667675144,0.01034490034970803,-0.0022486354373705275
2023-09-25,-0.003887576128697834,0.010004887628876564,0.0007583826233819035,0.004205303363737922
2023-09-26,0.007917028122843117,0.008772959286177556,0.006441818999187721,-0.014691233590584996
2023-09-27,0.03639784199295071,0.01375686279115725,0.0406626672307564,0.0003990644533449217
2023-09-28,-0.021029047974867265,0.015282151699768935,0.06548480400681234,0.0057975759004467164
2023-09-29,-0.01003160154977123,0.015596825641243218,-0.0054329483149796465,-0.002427025393946236
2023-10-02,-0.02169843816320749,0.016731654655119055,-0.03038579367097549,-0.00039771812906030934
2023-10-03,0.0046161187065763,0.01689478996843676,0.038380271432844504,-0.013385961079586006
2023-10-04,-0.056147057578712634,0.024079206610789015,0.004408278048625203,0.007281944201732893
2023-10-05,-0.02267874180034868,0.0246094459543937,0.06887238472034674,-0.000376856628702682
2023-10-06,0.0058316531547932815,0.024691424966798898,0.05432728230071082,0.01187275199782234
2023-10-09,0.04336268025354406,0.029611672377333313,0.011384022684191697,0.006402239174813751
2023-10-10,-0.00474642331270303,0.02934607763627897,0.0017772636523947227,0.00520479339454516
2023-10-11,-0.028847310942416993,0.02631125921291161,-0.0014783784942209444,0.004096454557633633
2023-10-12,-0.006946870481498002,0.026098978047171015,-0.009771984441017123,-0.006096522145795147
2023-10-13,0.05765285934345443,0.03368557292977395,-0.03229666171933876,-0.004980781547962776
2023-10-16,-0.01174590889064131,0.03321415579390719,-0.039246010835814804,0.010521236634027265
2023-10-17,0.0,0.033144534448199106,-0.009649395851608733,-4.5778377918970214e-05
2023-10-18,0.019155273050613264,0.0276884930106344,-0.007469958407224531,-0.013325078406282054
2023-10-19,0.01188862155101833,0.025937003124100334,-0.03239528052918317,-0.008786413863299702
2023-10-20,-0.006937481565711834,0.02639652299969788,-0.019614503686618767,-0.012288076620788124
2023-10-23,-0.03673241843639963,0.02638426765100621,0.00931362176088113,-0.0017331114512134649
2023-10-24,-0.020470230947819967,0.027109068439636518,0.01537930145477695,0.007539412402825851
2023-10-25,0.01970386395952839,0.026156882334633466,0.01312690505154479,-0.014352397077882495
2023-10-26,-0.025529925292868128,0.027531099075717425,0.06777408532612861,-0.01197453487618061
2023-10-27,0.028001464447672042,0.02169327336902655,-0.015556923622897179,-0.004532767550164851
2023-10-30,-0.037760151068075065,0.024353051177257782,0.059418445550065035,0.01195581767634879
2023-10-31,-0.01567246936933797,0.024508758829424823,0.06652746113304153,0.006280318147027675
2023-11-01,-0.0071586549702701285,0.022809633635375273,-0.022657367430768738,0.010664617486133121
2023-11-02,0.025111842140206342,0.024481460953838435,-0.006296529665371975,0.019164410259168374
2023-11-03,-0.023647792504152165,0.02498537385953794,0.012384856766531671,0.009123253050275615
2023-11-06,0.0038504229334039852,0.023293990293030763,-0.07140829543337202,0.0023007355835176213
2023-11-07,-0.042687416001848,0.02581832356674799,-0.037990145949572174,0.0028458864540299444
2023-11-08,-0.026366819737737024,0.0244850523863729,-0.010828075533129367,0.000732475303188318
2023-11-09,0.005442665906664423,0.024568354513034588,-0.02092725638702353,-0.007798806517909318
2023-11-10,0.01888038480998988,0.02316776149859225,-0.0026306798073646442,0.015604967916735157
2023-11-13,0.014124711586734229,0.022042789877031347,0.054071887485925174,-0.0009533040370328649
2023-11-14,0.0,0.02173991205509948,-0.028464209993295686,0.019400771539097805
2023-11-15,-0.020444651551834947,0.022401566886029223,0.02704446621717671,0.002116978275222614
2023-11-16,-0.049047768805272285,0.023718777231513537,-0.040125397706846755,0.001223099889221535
2023-11-17,0.04101505900117308,0.028516425935248082,-0.03331156005403424,0.00124391338732055
2023-11-20,0.022532601109836126,0.029782629163992585,-0.026351374209231615,0.007697541084993542
2023-11-21,0.0021906980964954137,0.02644132759975425,-0.012491330233395437,-0.002179299448413996
2023-11-22,-0.008615124056393308,0.02496715599694489,0.017919929389228706,0.0038607064396092294
2023-11-24,-0.020233431770006693,0.025944367983224782,-0.014497775020597237,0.0006153401610513587
2023-11-27,-0.009001857253565504,0.025181693155902837,-0.021366062455813184,-0.0018008359275411001
2023-11-28,0.02070535718835509,0.02575115919325636,-0.031495999832748645,0.000990092150894073
2023-11-29,0.018976532898155263,0.026607259408601425,0.03621574572280517,-0.0007034937026759724
2023-11-30,-0.02440279361655051,0.026968994906619668,-0.0007132150899579193,0.0039375594694064375
2023-12-01,-0.024881508852397816,0.02292346749737293,0.004282600038800544,0.005915769051356268
2023-12-04,-0.013905748393959416,0.018677748997026438,-0.04264388422007004,-0.00524936741162263
2023-12-05,-0.009857628856492329,0.016285446155573213,0.005939136002577117,-0.00019703262523840248
2023-12-06,-0.04065268879718564,0.019031467791386626,-0.052029531527733486,-0.004029966445447397
2023-12-07,-0.0005765482431663305,0.019319749207652937,0.006228116928489458,0.007630551561176979
2023-12-08,0.027257097185772183,0.022244820269971592,-0.0015473688365800209,0.004299193527608214
2023-12-11,0.0012634610929280754,0.022308898704648472,-0.0581170438425056,0.003889593106403799
2023-12-12,-0.03799774391571298,0.022629261135616936,-0.04936235534411171,0.004567129601707132
2023-12-13,0.012534624729646282,0.021773112465512508,0.0103850836430317,0.01379010913082368
2023-12-14,0.030372831053337546,0.02474764800263903,0.02441110101391719,0.0032093493512610483
2023-12-15,-0.002095578681779675,0.02381087981812649,0.04138795099062831,-0.0016464334934053193
2023-12-18,0.014559721560745809,0.024110456590835893,0.004817376245105365,0.005624998162638617
2023-12-19,0.013384865521790745,0.024230202888992858,-0.004394693524492399,0.00608093410631616
2023-12-20,0.010620898057828843,0.019137197090742093,-0.018057814780918058,-0.013857381499048582
2023-12-21,-0.004446265502925373,0.019343913135442103,0.051082958167526726,0.009482024767708985
2023-12-22,-0.004466123071871553,0.018133226666938094,0.014774443234224055,0.002009607294714
2023-12-26,0.027324662900232166,0.019609053919803606,-0.02298848474755899,0.00422254236892039
2023-12-27,-0.019319823876784437,0.01539053787570752,0.027058826279337866,0.0018082016726326255
2023-12-28,-0.0315747395495003,0.0196337361993212,-0.023673171910267188,0.0003777945510983205
2023-12-29,-0.0016719398467338609,0.017214873079290857,-0.016816575732866768,-0.002895045998077439
2024-01-02,-0.01772511158987533,0.018134574677997655,0.02147976950973396,-0.005596516808055729
2024-01-03,0.03296390715206443,0.020681536585872896,0.038940771646164274,-0.008166594683602924
2024-01-04,-0.007015055409136051,0.020272430010095842,0.05734637081434868,-0.0032210928571738684
2024-01-05,0.022440712874367774,0.02137429761974874,0.025522788285323283,0.0013696387133315113
2024-01-08,-0.041186844818875024,0.025006003730670735,0.03007263566928331,0.014276025907794754
2024-01-09,0.020771531587279624,0.026201319546025545,0.0704698110076738,-0.0015171938171328891
2024-01-10,-0.012043122133366335,0.02427608280949646,-0.047335429523394534,0.005655490895577486
2024-01-11,0.009107382254031071,0.02413364485797317,0.01908517560520573,-0.00044059347730840415
2024-01-12,0.009164172353136602,0.0220460276789505,0.06974494292003408,0.0006927792117785714
2024-01-16,-0.0038524873159216932,0.02209141035081549,-0.12466039025372477,-0.0036713455655822402
2024-01-17,0.0022098899080500445,0.021063135485066196,-0.010344899593718315,-0.005558607026508677
2024-01-18,0.02094824040248211,0.01946198372404498,-0.06027869886918147,0.008892931865007947
2024-01-19,-0.009044251517073332,0.019577290542874635,-0.06599924788088585,0.012466097588535119
2024-01-22,0.02424735990328819,0.019795524524730893,-0.03969834892061408,0.002114283496895464
2024-01-23,-0.01090570113311573,0.013882741439171916,0.012815270143832658,0.0029165082148367993
2024-01-24,0.009681236583545472,0.012896103688637818,0.07795917592809287,0.0010931051079219323
2024-01-25,0.030230448570623958,0.013955701417694165,-0.026505086097452613,0.005438949470246479
2024-01-26,0.008402294735658566,0.013952268423503089,0.054842391507959,-0.0012704110208863195
2024-01-29,-0.01576725193245876,0.015842112325915716,-0.08185836740234154,0.007919223839633949
2024-01-30,0.013545206200338944,0.01564090207188466,-0.1658634960761951,-0.0007733556633717775
2024-01-31,-0.025314844878290943,0.018758144733445836,0.01107366537531873,-0.01631736415062779
2024-02-01,-0.02676333315932078,0.020154357634649876,-0.023809502184254927,0.013088251815188245
2024-02-02,-0.020861567622511346,0.02105873612305827,0.014146363191985145,0.010527358922269192
2024-02-05,0.0069175430055929965,0.01936292894717708,0.0014430115374408636,-0.0036411639088934633
2024-02-06,0.007282203739850113,0.019400720716615114,-0.03506241768575724,0.002903242256254046
2024-02-07,0.007502429001149835,0.019275965224198156,-0.020905950222616987,0.008340456747429448
2024-02-08,0.031952350268743546,0.019595769876917028,-0.025419396096771574,0.00044168557438917233
2024-02-09,0.008134283747808446,0.019581187543922417,-0.03651541493599697,0.005779398562223204
2024-02-12,0.0010411482934342686,0.018914977488785498,-0.04277206067294581,-0.0004388911214047164
2024-02-13,0.012350553825419386,0.018825895393088658,-0.0446832555922001,-0.013773149075439028
2024-02-14,-0.015795599249386005,0.01759122551492326,-0.04736533002869281,0.009087607691146804
2024-02-15,0.018136735395592574,0.015240732782689118,-0.017402111686289135,0.006899737666191452
2024-02-16,0.014866124314449669,0.012219303915245582,0.01771030845196897,-0.004979920100156798
2024-02-20,-0.01275416220599035,0.014076797899157311,-0.020509628984231587,-0.0055052968165866245
2024-02-21,-0.003453525735641727,0.014479521619064519,0.12500001891010326,0.0009056379767262701
2024-02-22,0.008984686373241901,0.01450192781815261,-0.02312465230623917,0.020695540386742817
2024-02-23,-0.02696861379114235,0.014906352455265342,-0.07448034006858939,0.0006897395023879316
2024-02-26,0.014250281052778702,0.01537459002822301,0.0349344932701785,-0.003662614644259321
2024-02-27,0.016628008315036746,0.016142731508625642,-0.026522018400768954,0.0018578085469356242
2024-02-28,-0.0041841234888125856,0.015880491205205623,0.16718264974126051,-0.001321646888562622
2024-02-29,-0.003565046804596128,0.014885521300708115,-0.013262586888394656,0.0035949593269126723
2024-03-01,0.02185023048550372,0.015366001468090638,-0.013440847293478053,0.009388337916472533
2024-03-04,-0.01538080953055132,0.015649977178931566,0.0441416723445367,-0.001072516968219972
2024-03-05,-0.007492968680433476,0.015274659455325634,0.021398751774218017,-0.00999403517502273
2024-03-06,0.012539932289246991,0.015696580947863872,-0.014307612106985501,0.005067092168203002
2024-03-07,-0.002527447936105487,0.01552137029293908,-0.05754279931712669,0.009926474478171965
2024-03-08,-0.011655874387282661,0.013070540618907488,-0.007150721527683479,-0.006002074616765385
2024-03-11,-0.0010255329940253022,0.012359039617243352,-0.02548476739691219,-0.0008599817476012683
2024-03-12,-0.0047478858608122065,0.011041559191232713,-0.025582693873855478,0.010757491129822938
2024-03-13,0.027849455003883472,0.014362126893298818,-0.03267210893475714,-0.0015675062560993602
2024-03-14,0.019317622829230663,0.015246218826588304,0.050060352399342145,-0.0019769687095626542
2024-03-15,-0.002707374045281208,0.013951588939331346,-0.04939694548972251,-0.006866539755256862
2024-03-18,0.02073050698662926,0.01379319604385898,0.029003008395935614,0.005943212882649318
2024-03-19,0.009066731007401074,0.013099547088304913,0.024075167234258288,0.005557133218754062
2024-03-20,-0.021444841132737036,0.015584277641889677,-0.025802728306984712,0.009249275578076643
2024-03-21,-0.007468175906861663,0.015864838285056502,-0.009417323376071596,0.0033047085024036083
2024-03-22,-0.005427438547706553,0.015348482683598067,-0.014260207888821874,-0.0018959104401863325
2024-03-25,0.01637107453539266,0.015769466791150395,-0.026522018400768954,-0.002762691720477495
2024-03-26,-0.004026775032933472,0.015720729695066136,-0.02476777809091235,-0.0018469169345665115
2024-03-27,-0.003308064976415892,0.013695933780014083,0.09079365228339142,0.00840371982940935
2024-03-28,0.022372461327128335,0.01414895864046709,0.026193222154136775,-0.0001909066074121668
2024-04-01,0.006492736893301654,0.01407774990596915,0.04197390837964887,-0.0017400022482872979
2024-04-02,0.017202275201952055,0.013630464225322715,0.013609132275133051,-0.006358141964658892
2024-04-03,0.0032883003438559655,0.013465381023596344,-0.011278210411183709,0.0010984841136132406
2024-04-04,0.013578321767190316,0.010879151836694545,-0.03639321764528036,-0.012205962451062757
2024-04-05,0.003695661597790334,0.009881096056667904,0.006200630035189558,0.010446881831541743
2024-04-08,-0.005522993173487367,0.009894511995141785,0.033053230454935356,0.0005592034829562387
2024-04-09,-0.01388403267389926,0.011248536828512127,0.015184380376418227,0.0011568934172541123
2024-04-10,0.011498248139624634,0.011089566159418399,0.0069444506355726965,-0.01001307788813599
2024-04-11,-0.013803531539772207,0.012435173607471088,-0.0641909458362313,0.0075468054493774694
2024-04-12,0.007527723409939346,0.010848258445481563,0.0034013166408797257,-0.013803104991042203
2024-04-15,-0.0029185149347662476,0.010920275240684521,-0.044632766687347614,-0.012528101211725318
2024-04-16,-0.0005854472498986185,0.009542652367778699,0.024246013573645087,-0.0018236869224872443
2024-04-17,-0.03127926604796116,0.013693126574471859,-0.011547333142956417,-0.005918301856489228
2024-04-18,0.00048374548731788813,0.0124865633408901,0.026285021471250225,-0.002057851539541633
2024-04-19,0.004955832419659689,0.012584205897336432,-0.002845757153371653,-0.008728311110944187
2024-04-22,-0.003488103411791066,0.012579633050664805,0.022260293895810745,0.009209208109618228
2024-04-23,0.00615572897553851,0.012452109570595631,0.011725308518099498,0.01186667150429943
2024-04-24,-0.006597925236693336,0.011529794712644707,-0.08774836419463539,-0.0004746073037222853
2024-04-25,0.009177661618607225,0.011638461558999502,-0.009074401525013487,-0.003799032410158887
2024-04-26,0.00335047002895017,0.011343407059376302,-0.014652044242802642,0.009474010266367072
2024-04-29,-0.014549806116927466,0.012015944304599104,0.25774474483856635,0.0035413680238436385
2024-04-30,-0.008471462804184426,0.012081137682504845,-0.019211781119526705,-0.01584115514615525
2024-05-01,-0.035762239646796146,0.013233043148812273,-0.029633356901765606,-0.0032471509508891216
2024-05-02,-0.0006329500222508333,0.013191197572026997,0.05331265146814079,0.009353406055529145
2024-05-03,-0.01063959937124892,0.01285534162763224,0.05257978850222633,0.012395358550856939
2024-05-06,0.004736944612608207,0.013299725497027577,0.02474321862193829,0.010326855160942339
2024-05-07,-0.0012742877069052971,0.012784756112704831,0.005467008787381378,0.0011033111194540535
2024-05-08,0.007782605661228903,0.013506706380749621,-0.009062066502470767,9.677788285045175e-05
2024-05-09,0.0034182083778075967,0.012964502961399374,0.05212623691218843,0.005761746238373222
2024-05-10,-0.01261670417673244,0.012775725390959808,-0.021295098773258192,0.0012882841145740453
2024-05-13,0.010989018488071656,0.013581795079841108,0.05728239038542182,0.00013408237002887624
2024-05-14,-0.013903008914684878,0.01387495010729515,-0.015539664099169292,0.004588254878857834
2024-05-15,0.007818516234270767,0.009082416050821997,0.030716631902377722,0.012383027069566177
2024-05-16,0.00763075320455453,0.009431350429404305,0.03269867541499738,-0.002057426680129537
2024-05-17,0.01047575623493291,0.009042238392976635,0.05250502924665068,0.0014375152697563287
2024-05-20,-0.0032474958126954556,0.009174878974524988,0.047600915251362785,0.001152163793598282
2024-05-21,-0.0067669285072220475,0.00953072113532381,-0.029080307456842425,0.002452179839260049
2024-05-22,-0.021322260861178277,0.011519468576773807,0.0640209672671197,-0.0028790578048304427
2024-05-23,-0.009024067951477588,0.011570767686748033,-0.06509498321003016,-0.007304272633687048
2024-05-24,0.01105760951932444,0.011803356726403386,-0.05156194225801858,0.006616391238277064
2024-05-28,0.027148746490105458,0.01439286493676087,0.02777775149707007,0.0006989635288412455
2024-05-29,-0.007515952152811867,0.013787685612411634,-0.03745169377074831,-0.007002572050697098
2024-05-30,-0.016660351368124715,0.014708267897519786,0.03168872652155619,-0.00663370423006715
2024-05-31,-0.011808570852208544,0.014751455583339531,0.00583198535375784,0.009108076740431903
2024-06-03,-0.035978655928368686,0.017225147898904468,0.06532669337102326,0.000815398053666927
2024-06-04,-0.013069269802606143,0.017241327722101102,-0.06168362616313405,0.0011179786074948517
2024-06-05,0.011194535082924562,0.018330821917694605,0.06612529237622922,0.011884928757871505
2024-06-06,0.019981144363863335,0.019273489742598265,0.023213685313069554,-1.8475415711427523e-05
2024-06-07,-0.0002647818881917896,0.019140989301624927,0.03438492741629329,-0.001215891910740563
2024-06-10,0.029259885081295955,0.021229107216491315,-0.004112434542129728,0.00308979295893419
2024-06-11,0.0020581896900713215,0.019066486317760954,0.07673780362988603,0.0024082196705315084
2024-06-12,0.007702162546450841,0.019208965000479347,-0.02684559718445101,0.008213197074696144
2024-06-13,0.0015286974086883287,0.018379154457184563,-0.02824300936386015,0.0020134171606567275
2024-06-14,-0.0021623733452137417,0.017874911322996064,-0.02636027906333649,0.000608435925496309
2024-06-17,0.02396437165004417,0.013137559380854261,-0.03228043519458712,0.007958879582898204
2024-06-18,0.015436298213678867,0.010966560525118645,0.04340021823679718,0.002540705221970363
2024-06-20,0.007355626779034674,0.011020986976921025,-0.05775180043323502,-0.002716645125079298
2024-06-21,-0.017524581283925866,0.013527422724478086,-0.01313389791248476,-0.0013407062653157942
2024-06-24,0.011148195950211992,0.01335151368224977,0.03918676081424399,-0.003250513025056634
2024-06-25,-0.009800262762226009,0.012050942943407764,-0.019566013742442934,0.0038508488183874867
2024-06-26,0.000866011298261915,0.012077831569376939,-0.046444128821466535,0.0012480374665171379
2024-06-27,0.010383143659421501,0.012201924243996007,0.021689467786774275,0.0015766378395136726
2024-06-28,-0.0024467452100440656,0.012359457028812599,-0.03128486927291474,-0.003935218822621267
2024-07-01,0.02256556680440558,0.013474726211923808,-0.04728955848565253,0.0020581176325360495
2024-07-02,-0.00683616830895073,0.012442280253731288,-0.017352697386872618,0.006729739643983157
2024-07-03,0.01292114148496526,0.012188359632412757,-0.0069815032218331075,0.0044626316745368655
2024-07-05,-0.00858361486509529,0.012571778342862754,-0.04094291886461876,0.005766357317971371
2024-07-08,-0.009980781559691843,0.01149932577187564,0.020267326959671594,0.001154165084259029
2024-07-09,-0.011174518990454962,0.011696221347227191,-0.009298324832323512,0.0009722552055999589
2024-07-10,0.008475553138107328,0.011456338157201724,-0.0063993618844994105,0.009895306302644569
2024-07-11,0.006333791499701924,0.011546534890330279,-0.026191545220603185,-0.008622502395324583
2024-07-12,-0.004962522978448347,0.011351160362688833,0.026895992833145588,0.0063076560233277235
2024-07-15,-0.003649135454374952,0.011393674916723807,-0.07342207131592104,0.0027498973379078695
2024-07-16,-0.014039817781266728,0.009187336515094657,0.013901747681108523,0.00593008157149999
2024-07-17,0.025879102062987824,0.012830998571893692,-0.06992681922477562,-0.014021065689695633
2024-07-18,-0.0003620854538246565,0.01202072510701826,0.04422600018347089,-0.007684813223276632
2024-07-19,-0.03248010687416558,0.015517006989220348,0.0014117745792163738,-0.006640604165301767
2024-07-22,-0.004367883266165551,0.015361127147025921,0.057800707390606165,0.010310037858944021
2024-07-23,-0.035347201528862615,0.018388052496616385,-0.028431760702727904,-0.0015687458897947204
2024-07-24,0.00818603509501692,0.018363899176185364,-0.0320072849030022,-0.02266259335745402
2024-07-25,0.00889293045460926,0.018563586537320917,-0.03589995745180219,-0.005210392736331837
2024-07-26,-0.014307551541297592,0.018782824059833263,-0.017148382807040785,0.011199944626470115
2024-07-29,-0.017496190246794496,0.01908516835941829,-0.04935199115165201,0.0005875505893877531
2024-07-30,-0.014246065643590433,0.01909307765473659,0.11484005669786512,-0.00506634976860687
2024-07-31,0.04255319366154864,0.02272157587131156,-0.04233298082670467,0.01625458557234216
2024-08-01,-0.02053659386867379,0.023068476730602614,-0.03339880085760427,-0.014160914265491042
2024-08-02,-0.03656140747986625,0.0235817691225272,-0.0005081538122045925,-0.018618272112519207
2024-08-05,-0.007888931285946366,0.023542405443845987,-0.012709698048385731,-0.02912381396768482
2024-08-06,0.0035644981921243435,0.02179501599994335,0.035015426307942965,0.009219585344808268
2024-08-07,0.02773232914376722,0.023865570073984658,0.050746267948559964,-0.006684174771047546
2024-08-08,0.012760853936399252,0.024106789394944372,0.007102322436294717,0.023117437452178313
2024-08-09,0.008531222938130911,0.02393909352961119,0.00752223474533098,0.00440963576112674
2024-08-12,0.0419052755617495,0.02640214411777048,0.021465238558216138,0.0005254581184506169
2024-08-13,-0.021358969980247,0.027088538826059085,-0.018729964097798035,0.016445540515162227
2024-08-14,-0.017485579372921167,0.0243753450342353,0.03305404986921934,0.0031548367188043436
2024-08-15,0.01532866008987388,0.023802377194922533,-0.009914408915887463,0.017140245330878434
2024-08-16,-0.01931937135978523,0.02111942779266688,-0.03368234832205197,0.0022420918317906935
2024-08-19,-0.029745580351059675,0.023523978613369165,0.052755531552729495,0.009561257412605384
2024-08-20,-0.004437297550992092,0.023608022245568905,-0.016554784165037306,-0.0016260026793798454
2024-08-21,-0.028498117021350078,0.023331840833508602,-0.009554098673620337,0.003436329522216619
2024-08-22,0.0150146229177337,0.023524313987083153,-0.056959150147848026,-0.007848356628400333
2024-08-23,0.024928087132886967,0.0250192607970109,-0.015099804828899499,0.010625421484762532
2024-08-26,0.03461173693057118,0.023654330710155273,-0.03264099976382173,-0.002383890782924558
2024-08-27,-0.0244122892579266,0.023934310534948565,-0.026584829935086374,0.0013730986678519574
2024-08-28,-0.013372198498000198,0.02369956079939171,0.013655411281430885,-0.005805139307251905
2024-08-29,0.018652805712012777,0.02400638002554898,0.10725395958607331,8.952220703273284e-05
2024-08-30,-0.03108945457118406,0.02517418212599666,-0.004679452536519246,0.009545873959327711
2024-09-03,-0.043643869213822795,0.02707547701062751,0.03573106340622445,-0.02057910675280339
2024-09-04,-0.016206986764290554,0.027292395310825147,-0.026327773912960706,-0.0020465384884128524
2024-09-05,-0.0007224772336431595,0.02618464235315819,0.050815836151192784,-0.0024321518209297066
2024-09-06,-0.021402795723434842,0.02583448118982496,0.009316835557074965,-0.016830269403368514
2024-09-09,0.015368714994359323,0.024661083993635594,-0.04615385260303817,0.011196084697615571
2024-09-10,-0.0430795972043837,0.02173144114428698,0.02857144426718694,0.004355900025068804
2024-09-11,0.02372619860979097,0.024776979293713187,0.017025029783627632,0.010258832827810815
2024-09-12,0.02466206688931072,0.02720303296782754,0.03832604948813523,0.008423510157468117
2024-09-13,-0.004639693912723342,0.025681584926139003,-0.022061961516188333,0.005222514473575801
2024-09-16,0.020975889002258663,0.02613768267685385,0.029501014235709278,0.0014769019367719682
2024-09-17,0.015694195477093498,0.022783093409504216,-0.020648978813901153,0.00040856905497976825
2024-09-18,-0.003933119394501139,0.022045593419992796,-0.017211688420140314,-0.002965730407402778
2024-09-19,0.014666383195923283,0.022318283737332877,0.02802107353083949,0.017064156125134122
2024-09-20,-0.0004169392712893849,0.02056038249522752,0.0366269011291982,-0.0017286362044832693
2024-09-23,-0.021551661037618852,0.02201490382474548,0.07354145427104264,0.002499043875456408
2024-09-24,0.016910540934567786,0.015343995437014365,-0.023727439652633353,0.002861332369231473
2024-09-25,-0.026131849929932338,0.01779137343613137,0.03371225467701344,-0.0022055614600836604
2024-09-26,-0.02898556753760073,0.018802270996176287,-0.019719394812836466,0.003964639116043278
2024-09-27,0.007536606325260875,0.018987066690831847,0.12263052517755502,-0.0014502546060429777
2024-09-30,-0.00014670190944121586,0.017441578586025006,0.007236439429602948,0.00400722886300664
2024-10-01,0.024350941861482678,0.01862698086218529,-0.009237149479634943,-0.0089585409225309
2024-10-02,0.0038664848344072134,0.018689537683971025,-0.0034530354901214366,0.0004223003426260252
2024-10-03,0.051497870027547465,0.024760857721512382,0.029106068265205787,-0.0018282855432525391
2024-10-04,0.009089651027908596,0.02481063637576351,-0.03905721748823543,0.009087269496100392
2024-10-07,0.03710677921682293,0.025124152454072627,-0.037841638608905326,-0.009040457987704142
2024-10-08,-0.04627948824307726,0.030439999368792967,-0.004734162855167479,0.009457650768306847
2024-10-09,-0.004485548897968816,0.028851359544731534,-0.026710557319341244,0.006926678149344889
2024-10-10,0.035636273709432675,0.027510963432263013,0.005639047369019767,-0.0017502760137584339
2024-10-11,-0.0038233476778023467,0.027938580149001937,-0.016074760224436102,0.005988051718874399
2024-10-14,-0.02289565621276679,0.029783464514057167,-0.052431615898243855,0.008178451334012404
2024-10-15,-0.044020044960001226,0.0333505568942497,0.001603828616233427,-0.007769627818527525
2024-10-16,-0.002692015251870572,0.033364846983243705,-0.05244187687922863,0.00434639014938254
2024-10-17,0.003977820453541003,0.02836999231277614,-0.008449606453236225,8.589010206727643e-05
2024-10-18,-0.020517857447453047,0.028415778439209838,-0.03792074608460705,0.0038464792403316572
2024-10-21,0.01935851364142782,0.02580287495855981,0.023915031753597216,-0.0016422048779181075
2024-10-22,0.02168365691943719,0.02362681295997475,-0.0004324945956222237,-0.0005310922072517821
2024-10-23,-0.018310441973630964,0.0242003664496282,0.013414062073630717,-0.009137424564856667
2024-10-24,-0.00819548154828098,0.019997153701046134,0.0768574151028294,0.002162726927777525
2024-10-25,0.022652746581935723,0.02217819261773206,0.01506735419196481,-0.00034537534899536926
2024-10-28,-0.06129843411404423,0.028159524125366393,-0.09804684887931159,0.003091318963473144
2024-10-29,-0.0025229767865074804,0.02529400261527935,0.016024227209910036,0.0016183928150632632
2024-10-30,0.020830256583091344,0.026552190398529657,0.2127025071655151,-0.00302512486502704
2024-10-31,0.009473859788609929,0.02675119597119198,-0.04850615467708952,-0.019603165693758418
2024-11-01,0.003320758308477556,0.025936189203494435,-0.016254122672919702,0.004220559958140857
2024-11-04,0.02849335757378002,0.026812461924839652,0.04431084767784066,-0.0021540154795790523
2024-11-05,0.007275732953475611,0.025988548122895177,-0.0399136377746947,0.012091927433606653
2024-11-06,-0.00416718198729471,0.02524517142333649,0.0288389140543015,0.02486558299940067
2024-11-07,0.009345768532968313,0.02509897286568792,-0.019657772562907794,0.007731954969968813
2024-11-08,-0.02736323024091214,0.02579666474978146,-0.00891205612690138,0.004331846929586547
2024-11-11,-0.03324803110555652,0.019297833519776875,0.09404277795797378,0.0009528259744473466
2024-11-12,0.0011758058491799783,0.01925514317464408,-0.004452058597406383,-0.003106343791748234
2024-11-13,0.004550756695459901,0.01809369842719414,0.026143781736858385,0.00048566537717964486
2024-11-14,0.003945588804067146,0.01785102448135941,-0.0663761151743153,-0.006430017819199607
2024-11-15,-0.02445415400005735,0.019266291321446912,0.013644476560800589,-0.012808814971009275
2024-11-18,0.0319308732651864,0.019919055284642478,0.053134997449436394,0.004097594710207986
2024-11-19,0.0033255597941077575,0.019728670879055214,0.008408966206472579,0.0036554827170298676
2024-11-20,-0.007493826886298849,0.019769254293437524,0.06504342152779863,0.00033869381016549127
2024-11-21,0.01785967298513147,0.020566902722869634,0.045724993696057536,0.0053683415882601615
2024-11-22,0.01626247381544932,0.019414012417335456,-0.06289309343716265,0.003099488375636561
2024-11-25,-0.03228516972672435,0.019224621857683494,0.07670182597851238,0.0033920479412503646
2024-11-26,-0.002465996407301163,0.019265512238615754,0.01840309795543149,0.0052214809175450405
2024-11-27,-0.0007269946895994694,0.019233275335201517,-0.06616146851391147,-0.003030059798531104
2024-11-29,-0.01047731676241892,0.019492698727886858,0.0496254432211809,0.006212064903861725
2024-12-02,0.0014705657958984375,0.017640976785068634,-0.044602991582540774,0.0017923617528994296
2024-12-03,0.02701914843631581,0.016753011054204233,-0.053221288723261484,0.0004638854809093651
2024-12-04,-0.020017178681853598,0.018010526341085246,0.00032870726580225273,0.006209500212288388
2024-12-05,-0.003501573687828219,0.017896579996227107,0.011830434950549806,-0.00164570260080521
2024-12-06,-0.01610550592043225,0.01719505072986632,-0.0009743491343137123,0.0018956367480704728
2024-12-09,0.017410801361211092,0.01734916165060593,0.03446032101713281,-0.0051495246006889595
2024-12-10,0.003217691713777171,0.014269866854466715,-0.0059710293696181305,-0.003109221619863267
2024-12-11,0.02478502213736955,0.016293755756071164,0.06797341350267705,0.0077306645778363325
2024-12-12,-0.003841289926648672,0.016387690684872808,0.022794524051797493,-0.005152491366319456
2024-12-13,0.01813773683730524,0.016465774185753165,-0.05065121741842704,-0.00019862181953211877
2024-12-16,-0.008135808999945704,0.016958193007895448,-0.02012194674295864,0.004269983555946322
2024-12-17,-0.00890959215917042,0.015233382678088535,0.029247075756057228,-0.004120052972255928
2024-12-18,0.0071347030099311315,0.013533857212236412,0.019951627264417793,-0.02980337089337326
2024-12-19,-0.009492747967746795,0.013979853662477525,0.062240673869536245,-0.00030710525847288395
2024-12-20,-0.006436912517008175,0.012844485122170695,0.04575887021528047,0.01201099558323726
2024-12-23,-0.0031673081428574834,0.011966488587953558,-0.024546427407552196,0.005988218390593936
2024-12-24,0.01242057534495622,0.012471102031259763,0.07932171999184834,0.011115065448212613
2024-12-26,-0.006847300113940302,0.009857840469989004,-0.05854033938334058,6.652365111459169e-05
2024-12-27,0.014076352899701217,0.010845497091341616,-0.05410497438716955,-0.010526513060112985
2024-12-30,0.005524070794298952,0.009227973799930483,0.1200911147079704,-0.011411712672685148
2024-12-31,0.010283186067063577,0.00934612017385968,-0.07698175898026627,-0.0036379457138790983
2025-01-02,0.01965973241377794,0.010156095055229821,0.007431926670239397,-0.002457043731384778
2025-01-03,0.011349676770511463,0.010371285596000673,-0.08360655385299076,0.012503472598431431
2025-01-06,-0.005408349524478107,0.00981408734565731,0.09481211422254221,0.005760666087019084
2025-01-07,0.009380131379920664,0.008979066802751548,-0.06072986213536302,-0.011304118200672453
2025-01-08,-0.01252525663536408,0.010486017859441804,0.05856774371405149,0.0014609389751862878
2025-01-10,0.04432624131924845,0.01608590668927475,0.09257739167594603,-0.015267586915813869
2025-01-13,0.029384876700634166,0.0162044304425239,-0.013787933222955906,0.0015506540224949905
2025-01-14,-0.016747014716252284,0.018641721621985564,0.00864258255197825,0.0013758227325151307
2025-01-15,0.032774205361643105,0.01993882015493476,0.028981917801107704,0.01818998067369071
2025-01-16,-0.01699151167910251,0.021996698121815324,0.04286056969133001,-0.001922965434359436
2025-01-17,-0.010167806922405265,0.022485887441281778,-0.07280412171867878,0.01003995258521706
2025-01-21,-0.025552104955707255,0.024542365128970286,-0.048632197185452974,0.009153272551911895
2025-01-22,-0.0059295948328017545,0.024562392622456828,0.05431309741912527,0.005621571292272476
2025-01-23,-0.010869560820350066,0.024792830984325817,-0.0037879052423428483,0.005458124141488607
2025-01-24,0.0005360615660010559,0.024354750458756087,0.02078580951932585,-0.002919379805443101
2025-01-27,-0.01995721162709041,0.020070921088193295,-0.0819468407672922,-0.014145267289494612
2025-01-28,0.008200061352136911,0.016996980277242793,-0.061130665117537064,0.008592447898237765
2025-01-29,-0.015588910787790566,0.01692296423319257,0.0184385279483108,-0.004483124010597361
2025-01-30,0.0015147425804351577,0.010596780822009702,-0.13804813087594714,0.005367181849862845
2025-01-31,-0.0027499596920842473,0.01043088870054644,-0.0009845818997180622,-0.005321847370101107
2025-02-03,0.00868612840777172,0.011640633591616545,0.10118268620518989,-0.006729751225148517
2025-02-04,-0.006287680301271359,0.009468163478574773,-0.02953459939383929,0.006708327541154135
2025-02-05,-0.022971089945632905,0.011183401877309563,0.03289267550718544,0.004054603433442994
2025-02-06,-0.005912968832370691,0.01105011985184983,0.014285743682563856,0.003475716510411786
2025-02-07,0.0055232882917048975,0.011455566172576944,-0.029049289123663447,-0.009153480262878433
2025-02-10,0.018591544997524245,0.012300828304354403,0.040797821045854166,0.006791088357224195
2025-02-11,0.0138274336866675,0.012888228880608024,0.021777017293584944,0.000760531944440368
2025-02-12,-0.02659570316910187,0.014664183894689157,0.013071896310481002,-0.0032214928773622864
2025-02-13,-0.0011209447663713679,0.01462486658212822,0.01767179880762626,0.010557465543251876
2025-02-14,-0.007715009744627688,0.014740712163526555,0.026736461711901915,-4.9152160770615794e-05
2025-02-18,0.015691272884813978,0.015474161397494059,0.07570471733412565,0.0029357672567349447
2025-02-19,0.005567175147860093,0.015537362976924934,0.06813083164589862,0.0023551460619908315
2025-02-20,0.004429061520058397,0.013406408003501645,-0.02990660119737365,-0.004160464644991091
2025-02-21,-0.02990213832259503,0.016753550465318144,0.0197495800973313,-0.017104082781476126
2025-02-24,0.004261298520753742,0.016710594368802872,-0.05668404257883075,-0.004550376782922472
2025-02-25,-0.02503531427819128,0.01692502182642921,0.04506755889577696,-0.004973156463911055
2025-02-26,-0.004497280679258475,0.01564464824535923,-0.06420697201306169,0.0005046465936875411
2025-02-27,0.025211245384644476,0.016783957349532978,0.007168488753949154,-0.01596193074154484
2025-02-28,-0.008386586363717696,0.016931426873151353,-0.025419396096771574,0.015605821812948895
2025-03-03,-0.01992544935612217,0.01780415357103886,0.07511739658361227,-0.01752007925928789
2025-03-04,-0.0016089016517856214,0.016554900925978205,0.05531287607174118,-0.011836787382579095
2025-03-05,-0.02856730906256022,0.017621298528267857,0.02298848432756806,0.010747699716180614
2025-03-06,0.0007540801326924029,0.017360355734798927,-0.033258375243213734,-0.017751102879487224
2025-03-07,0.010247141333957543,0.01655393953276432,0.02254768039008881,0.005604862997103277
2025-03-10,-0.015065664117503652,0.016512522305034524,0.020913844991833352,-0.026635448353614644
2025-03-11,0.0033318374189050814,0.015410099090267904,-0.008461390631652632,-0.008313067974960453
2025-03-12,0.021584910266804203,0.017370997318966568,-0.08286547324240057,0.00530655307288197
2025-03-13,-0.016696176836919374,0.015199264447578329,0.006611153202147113,-0.013330418660348009
2025-03-14,0.009466524786302388,0.015848466907364377,-0.0017027412742629533,0.020655716387676826
2025-03-17,0.005954175707976184,0.01498455097765359,-0.020955156858972424,0.007711325978399852
2025-03-18,-0.010062152807804536,0.015254957931558493,0.008461901151351592,-0.010808446655089399
2025-03-19,0.003886429451423812,0.01207282614859384,0.04812442484166235,0.010890895685803592
2025-03-20,0.01637877328975934,0.012966551084170027,-0.06404527875660815,-0.002891692811274549
2025-03-21,0.000292948175221186,0.012719809664428582,0.0012578904555671233,0.0003298107530131933
2025-03-24,0.012155855973833951,0.011542192585297473,-0.016582910659526884,0.017908555198050014
2025-03-25,-0.0015916742783979032,0.011707514328040429,-0.018906520059749576,0.0024037742901859005
2025-03-26,0.00942031196925952,0.01023218317866174,0.005468788368550692,-0.011938126986071662
2025-03-27,0.0038764772024604266,0.0075722781159700304,0.02305101922860331,-0.0026556432337285774
2025-03-28,-0.008009118610681987,0.008393284359964878,0.029113926113540023,-0.020138390607440493
2025-03-31,0.030565206573334835,0.012079537930222727,0.013284108255288585,0.00671277169810125
2025-04-01,-0.003917269103824728,0.01132163329783067,-0.040786594936959464,0.002824468752555598
2025-04-02,0.007162951658568284,0.011291207292054578,0.02632241300603222,0.00632832407041195
2025-04-03,-0.06637849947011298,0.025162402429140744,0.020468603358603454,-0.04928069709227745
2025-04-04,-0.0740850708867078,0.033976008182309725,-0.07274048270255351,-0.05854306726048053
2025-04-07,-0.02080982223905059,0.033278739090909656,-0.047432871218421546,-0.0017811321197329644
2025-04-08,-0.01845138250094691,0.03309822410913578,-0.05198360019363113,-0.01566283611567243
2025-04-09,0.04649205367467135,0.037767447878814975,0.10129872417501828,0.1050193499563612
2025-04-10,-0.03656774394698992,0.03823666708200074,-0.06787213416618221,-0.04381910665097133
2025-04-11,0.023805565381066485,0.040105389677541514,-0.008434065799641677,0.017842825299162257
2025-04-14,0.00048778502921753564,0.03767799287876111,-0.05727244274607912,0.009701552505080091
2025-04-15,-0.003250397403054772,0.03769885050602928,0.0012029920133003191,-0.0028009238239182777
2025-04-16,0.01858795623043985,0.03857967921267489,-0.02463202681288723,-0.02222803272207108
2025-04-17,0.03537696560409609,0.03629298158981986,-0.0006159819750559681,0.0014268092873082061
2025-04-21,-0.024737143886393254,0.027918266982609914,-0.07057006508790697,-0.023802643664465384
2025-04-22,0.01949898053004695,0.027143210100394038,-0.0029841057180853836,0.026017697286444985
2025-04-23,-0.03172130583540156,0.0287547104474801,0.004988395429467385,0.015495355748962103
2025-04-24,0.008350737978818135,0.024877916638096458,-0.030443416732234385,0.021049134902774158
2025-04-25,0.0036629963192029713,0.02109622959278451,0.0023890680283051857,0.007225151050962442
2025-04-28,-0.015391958325249866,0.02085527740902632,0.07933266502530989,0.00038141420809401083
2025-04-29,-0.02626915532888008,0.022585298418196943,0.06813874968185796,0.006299340378101537
2025-04-30,-0.03657727824309254,0.025168757363652608,-0.017720007156782347,0.000396812712974981
2025-05-01,0.01769459904129933,0.02507745771417541,0.04600123797020195,0.007086915718260034
2025-05-02,-0.01603647427452337,0.020779056657654928,0.0434032822404411,0.014844241310975725
2025-05-05,-0.019900494582135275,0.020455632131130917,-0.022038611460747926,-0.005734294466325229
2025-05-06,0.03430770257006954,0.023159215856444537,-0.024507012494947022,-0.008358430352621848
2025-05-07,-0.017261811730068133,0.02194628597893535,0.0456251774972245,0.00420554784974847
2025-05-08,0.03168589912618658,0.02478624223195597,-0.008008849339015578,0.006967790512363292
2025-05-09,0.018527801922528564,0.02575105560776082,0.056514495610628934,-0.0012741154091596707
2025-05-12,0.015240909508342337,0.0259242767245976,-0.03926223052732791,0.03304739833427317
2025-05-13,0.027764283855099103,0.025434410232376768,0.00027431869567906553,0.006603834423700716
2025-05-14,-0.008167059180473335,0.021487026663029336,-0.04250067678318892,0.0012780596636838837
2025-05-15,-0.02422806899485419,0.0234673966943672,-0.03722798127335458,0.004884342398821628
2025-05-16,0.014118837417438801,0.0224964404403196,-0.00832833968619806,0.006334078244299102
2025-05-19,0.003200463160030642,0.02050093759208403,-0.06628679880518973,0.0010938140906693317
2025-05-20,-0.002073652197570497,0.01876799257422223,0.10086737493248754,-0.003362128049795521
2025-05-21,-0.01582483466647533,0.01857562808808233,-0.017216228325267813,-0.01685079340484308
2025-05-22,-0.006009402853966006,0.016498135573681284,-0.03414489563382528,0.0003946470773714683
2025-05-23,0.005392124383064578,0.01555448225625231,0.024900119619723382,-0.006825886893621624
2025-05-27,-0.010401420483430623,0.01504033802354401,0.01919612752175559,0.020790776540780653
2025-05-28,0.015601917760914796,0.012711333637785595,-0.057092408950309204,-0.005785518908830278
2025-05-29,-0.014553711572739103,0.013161256043866185,0.09925096085515173,0.0039473827948730555
2025-05-30,-0.0024613999764007133,0.01096482997117075,-0.02129473199877152,-0.0011184568183596477
2025-06-02,0.028458620104979238,0.013781433675374308,0.07165650626798081,0.005633111214039088
2025-06-03,0.014235434790978552,0.01447851421652591,0.007579826173880644,0.005702380880463043
2025-06-04,-0.008831436281952154,0.014804218781875949,-0.0016119838072655712,-0.0002683402981673577
2025-06-05,0.00827367494651221,0.013765576257861081,-0.010495165094596914,-0.004832872149647116
2025-06-06,0.019094254687782586,0.014227283114959209,0.029099775029346908,0.010268979858962801
2025-06-09,0.010994101336975204,0.014333296944918623,-0.039376303536596935,0.0009012828881442836
2025-06-10,-0.004748009714302559,0.013710677128109437,-0.028060522244912622,0.005669767615193333
2025-06-11,0.048784210606031886,0.019089815765759383,-0.0073591913230482975,-0.0028521190306726174
2025-06-12,-0.0016140954935971452,0.01762889250691939,-0.00427712193217078,0.003974329163849877
2025-06-13,0.07260438528710988,0.025417831376163783,0.025486822458046232,-0.01118006439646746
2025-06-16,-0.016579976133314744,0.027413411361665068,0.046634965851416244,0.009514299887150468
2025-06-17,0.042775530701112396,0.028862410942476904,0.027481367822943747,-0.008545134095127027
2025-06-18,0.00400859254994268,0.027849681901443244,0.035834850406428975,-0.00015063575417118003
2025-06-20,-0.0027947709100140106,0.028507243015010533,-0.035597943204978,-0.002348535817909503
2025-06-23,-0.08567994318427696,0.043215072474515295,-0.038731461901335806,0.009877375905910313
2025-06-24,-0.060429123639729965,0.04806979702018037,-0.04353705120184115,0.011047208993087754
2025-06-25,0.008544281480436622,0.04811895695729409,-0.03703704951981612,0.0005603646306042709
2025-06-26,0.004929138999533844,0.04518523090988302,-0.04257192754846961,0.007823779874487347
2025-06-27,0.004291826923133124,0.04525005994137776,0.1465808574222498,0.0049683317640052405
2025-06-30,-0.00625757102748925,0.03670773182411726,-0.07568868311391364,0.004781206068339872
2025-07-01,0.005221875820971444,0.03696748626942006,-0.011863462595154473,-0.0003235797161743603
2025-07-02,0.030557679041323782,0.035244852475576696,0.021376267947019745,0.0045333761723596044
2025-07-03,-0.006671563656073909,0.0349417566828839,-0.022649082020094413,0.007881385172987976
2025-07-07,0.013880601569787876,0.03575618036092541,0.000880029642514879,-0.0074522132118458595
2025-07-08,0.005888436980449052,0.023663030717142035,-0.021102001157853434,-0.0005476171019968001
2025-07-09,0.0007316759991737865,0.010618571525586255,-0.037724530167267734,0.005996626767211355
2025-07-10,-0.02646969335032079,0.014711349062060858,0.03827003953045338,0.002820211585405019
2025-07-11,0.028240908247505025,0.01681607726318045,-0.006892419132016325,-0.003515227505248797
2025-07-14,-0.021475436915214363,0.018785506054097418,0.04586608141642223,0.0019081170382848622
2025-07-15,-0.006867821600662349,0.018817591608746343,0.016445447340243335,-0.004273265144196681
2025-07-16,-0.0021046211171603657,0.018833967776107095,0.007947804806445413,0.0033431911185151097
2025-07-17,0.01747519900732808,0.01695768055353276,-0.002534514965582768,0.006119689977517551
2025-07-18,-0.0029612759094698182,0.01682920491970855,0.006493506930596471,-0.0007324129021104575
2025-07-21,-0.002078993128332929,0.016177521393850043,-0.0673211797151737,0.001896175165666536
2025-07-22,-0.014732111737029263,0.01651790235907731,-0.02195487313586253,0.0001431211632245688
2025-07-23,-0.01449930671722044,0.016832318622573686,-0.053813095235389574,0.00850744324203112
2025-07-24,0.011954004280411823,0.015613410860018002,0.005524926519887563,0.00033114960935609616
2025-07-25,-0.013175755463746608,0.012202604603346445,0.005171232541561155,0.004224349640319147
2025-07-28,0.023787528165297056,0.013657129150824438,-0.03922829039690556,-0.0002511001451916961
2025-07-29,0.03747564134777348,0.017850256238879526,0.031124556954753135,-0.0026376486020820433
2025-07-30,0.011414548850999573,0.01783888998993896,-0.011684522007133102,-0.001259331011043141
2025-07-31,-0.010571398053850434,0.017945433202308153,0.020032797626243548,-0.0037512265266995692
2025-08-01,-0.02786601567495739,0.020375981508677955,-0.007405023278435174,-0.016390466901213152
2025-08-04,-0.01544632240077648,0.020969794083219025,-0.04897827622358886,0.015199913193138181
2025-08-05,-0.017046269992633034,0.02114815149700689,0.02660302549281779,-0.005069966077998811
2025-08-06,-0.012431018147092243,0.02101547451817888,0.022259107134299683,0.007659581475386812
2025-08-07,-0.007303767166286335,0.020554424151228882,-0.00324991575540845,-0.000837526803775912
2025-08-08,0.0,0.020258104951738815,-0.02510593574436426,0.007797475344291982
2025-08-11,0.0012523170792080318,0.01824946597820223,-0.012040138206226292,-0.0019774432364148
2025-08-12,-0.012351484159403792,0.01102233344712501,-0.04942447821117302,0.010646017662282237
2025-08-13,-0.008231702677522601,0.008414884627306902,0.007122500107407337,0.003423147456803166
2025-08-14,0.0209097769622979,0.013149604808540282,0.004596892195349422,9.296545483872265e-05
2025-08-15,-0.018136333083433653,0.011794246437414833,0.026399087346125283,-0.002341290080229208
2025-08-18,0.009872594576703086,0.01245000704941187,-0.008916250156370209,-0.00021744013365154746
2025-08-19,-0.016871644997116464,0.01243032206913821,-0.04290659791632068,-0.0054252252305696524
2025-08-20,0.013793113574950722,0.013269097648010255,-0.005061438467363288,-0.0026570836306466505
2025-08-21,0.004904309093197945,0.01325852118637272,0.02688949099974236,-0.004011725826335022
2025-08-22,0.002204020602007528,0.013285787240673414,-0.04529370916628328,0.015356788214081707
2025-08-25,0.017907684685488423,0.014486891160169088,-0.0007412361287749691,-0.0044010616726667395
2025-08-26,-0.023919799054944124,0.01608117336142641,0.0077892832621320185,0.004186940142142603
2025-08-27,0.014229273136425302,0.016332564147334007,0.0552079848900362,0.0022785132820093423
2025-08-28,0.007014761302237105,0.015138738148587101,0.026857307275550246,0.003541362732142783
2025-08-29,-0.009133070461711856,0.014099682892382302,0.01800270828604167,-0.0059636816039791984
2025-09-02,0.024683551772073153,0.015705042250883535,0.004004032034483851,-0.007410200132466738
2025-09-03,-0.024698813960013055,0.016975747116184377,0.018278440408152852,0.005419463056600904
2025-09-04,-0.007659866642432012,0.01677222014109361,0.0032637045750925076,0.008357456059411517
2025-09-05,-0.025362328638335097,0.0185377757265283,-0.008457965344764617,-0.0028962430390079286
2025-09-08,0.00630352992373262,0.018697350612107266,0.013779467045320404,0.0024566370092480305
2025-09-09,0.005942864705379636,0.01762969735369224,0.008737925429610716,0.002311825610804341
2025-09-10,0.016605414068235458,0.01699945528835367,-0.028232292659599367,0.00289075963033647
2025-09-11,-0.02041776777833515,0.017480536311340462,-0.03136349529030824,0.008310359891924524
2025-09-12,0.0051306669922135395,0.01737435844966503,0.0023858109904626446,-0.0003347065098450175
2025-09-15,0.00973042947382785,0.017639668929115983,0.03468208045625909,0.005323952420932088
2025-09-16,0.019273260990682273,0.0168296473157349,0.019717365467634584,-0.0013767927852816886
2025-09-17,-0.00728446397647331,0.01496148343269084,-0.0009668131011127956,-0.0012424352925486382
2025-09-18,-0.007494197253132273,0.014951869556929053,-0.05193548977561124,0.004672351764394733
2025-09-19,-0.014000305079770237,0.013107931632453268,-0.017352800858663864,0.004952968179340322
2025-09-22,-0.0006381766964356217,0.013001535526487865,-0.02839335763199502,0.004731007968096224
2025-09-23,0.012292472306296265,0.013434692831688334,0.016749797373945885,-0.0054434748398075605
2025-09-24,0.024917174265249642,0.014684449034648953,0.0017525813428975745,-0.003181633452613686
2025-09-25,-0.00015378530796217316,0.012452580828822803,0.01609517255773829,-0.0046134974884720625
2025-09-26,0.011388085957840577,0.012661278789314175,-0.023760332189980526,0.005729144366994232
2025-09-29,-0.03454048106512475,0.017544909975140327,0.15238092274632642,0.0028103664411398555
2025-09-30,-0.017021305249305896,0.01694514672823103,0.01101928796841456,0.0037668667591119753
2025-10-01,-0.009459678734839105,0.017016452217205474,0.05237665718237605,0.0034075694259330103
2025-10-02,-0.021042396612934056,0.017889316406211664,-0.009781403227745789,0.001151711603039951
2025-10-03,0.006613781893294535,0.01790235502548205,-0.03428240369710889,-1.4767362221612679e-05
2025-10-06,0.013304821688282953,0.01861513136378294,0.00992786761829434,0.003586228910336109
2025-10-07,0.0006484181620654006,0.018020227681198875,0.04200172453969131,-0.003707492250961897
2025-10-08,0.013283649779766593,0.01634911535214356,-0.04716980167567775,0.005963052412792269
2025-10-09,-0.01662671348061584,0.01677663802923441,-0.01920188789176236,-0.0028970083792374535
2025-10-10,-0.0424320739209092,0.019260998624489867,-0.049862375083690846,-0.02702782789908964
2025-10-13,0.010016980259816455,0.01826832819559247,0.0038635171054970385,0.015344074693208754
2025-10-14,-0.013279557795226826,0.018060824600588974,-0.028864629021306265,-0.0012216548034567065
2025-10-15,-0.007325388408636391,0.018026627660540424,-0.003963039452525408,0.004439615866679292
2025-10-16,-0.013900830048527935,0.017483857069566476,-0.02586209145423557,-0.006810260525524803
2025-10-17,0.0013923047742669947,0.017174720065450722,0.023825709362230274,0.005676300358907982
2025-10-20,-0.00034759223923253035,0.016018215560897192,0.129321871909297,0.010400475399621634
2025-10-21,0.005215563885136554,0.01631829040669119,0.02266703003800319,-1.4995920012528252e-05
2025-10-22,0.011760641798077565,0.01612006750992603,-0.0069084425982217645,-0.005198815962920711
2025-10-23,0.05623933188935637,0.0250535244219679,-0.030724621776572203,0.005929891190499692
2025-10-24,-0.004693330817777452,0.02020132328107365,-0.011961782016266742,0.008172571104630766
2025-10-27,-0.0030894085643736746,0.020229324841781148,0.04176755919693931,0.011797712023148943
2025-10-28,-0.018920238483593477,0.02081010908778168,-0.028181256863539117,0.002655998956591077
2025-10-29,0.005486251171838097,0.020521264834704605,0.009267533227317326,0.0004802976988058649
2025-10-30,0.001488097772306407,0.019592876897703938,0.1718009995783889,-0.010998144919191377
2025-10-31,0.0067690250863108314,0.01954276634291686,0.04246713322216378,0.0032802806107155025
2025-11-03,0.0011479123540454328,0.019494534949388426,0.03443252158861698,0.0018766870879645126
2025-11-04,-0.008026173135020742,0.02000731460977915,0.01804972922220549,-0.011853539942447533
2025-11-05,-0.01585209506935903,0.020830909642641386,-0.02555838422579182,0.003465389196996238
2025-11-06,-0.0028523183439195243,0.008460965190928775,0.029536862882383774,-0.010729333212666003
2025-11-07,0.005384480787161472,0.008936720760299466,-0.009639618569661446,0.0009845075813768034
2025-11-10,0.006359850512388965,0.009395937825736887,0.0053301884551040235,0.015604434791510524
2025-11-11,0.015133873794235697,0.008686851400367797,0.052328318555374675,0.0022891497024457585
2025-11-12,-0.04177587154019646,0.016031428390014753,-0.007009871730283779,0.0005563986064420767
2025-11-13,0.0034193356557179477,0.01610593699771419,0.024928285079825363,-0.016594021470737852
2025-11-14,0.023854175475168438,0.01804971903812717,-0.01721909713355796,-0.00016358609958400105
2025-11-17,-0.0029955118109286083,0.018034305299582748,-0.044897048705897835,-0.009316523930962162
2025-11-18,0.01385414510380012,0.018507339000374993,0.0022929951627435052,-0.00839746055820656
2025-11-19,-0.021402749684458433,0.01912366519940683,0.04095181544492088,0.003863199783587179
2025-11-20,-0.005047093606858621,0.019171271542097006,-0.01670334295321696,-0.015242336682765423
2025-11-21,-0.018261718422446616,0.019836039288251665,0.023692433423449843,0.009961222976632822
2025-11-24,0.013434356886799836,0.020314887633547985,-0.006768589049236717,0.014718507062180475
2025-11-25,-0.015125754373562672,0.019727848143372237,-0.027478568008365678,0.00940589965210692
2025-11-26,0.012079391781252946,0.015464643364155161,0.030289400504429853,0.006903575013019525
2025-11-28,-0.001705068818697919,0.015437650722472319,0.06406314420222836,0.005458406338614941
2025-12-01,0.013151160850507493,0.013882638102804008,0.014639195995511667,-0.004565415602551193
2025-12-02,-0.011463255372118786,0.014257384582906617,-0.016460038846579317,0.0018522092741120044
2025-12-03,0.005286517334884833,0.013428917192591844,0.032024737207562826,0.0034627677932603795
2025-12-04,0.012213696296650589,0.012456378870297508,0.01361367731287988,0.0007310561539983773
2025-12-05,0.0068711861017412,0.012441476706520719,0.044637531725963076,0.0018995368427094927
2025-12-08,-0.019973380931542994,0.012753681411813423,-0.07127998725549245,-0.0030042775146746914
2025-12-09,-0.010699746207314398,0.012520876900546528,-0.0688111329823261,-0.0008631449669616043
2025-12-10,0.0036051344973846433,0.01152369085704307,0.0045911475710962435,0.00663226800901473
2025-12-11,-0.014710924115973634,0.011757117019878317,-0.07921650929656088,0.002326948130527251
2025-12-12,-0.0027777752022684066,0.01176163064044167,-0.02788939541645774,-0.010752057995096265
2025-12-15,-0.010793853529036723,0.0107634021392097,-0.024556244642393033,-0.0015107978831542246
2025-12-16,-0.027279113787143094,0.012893299364970058,-0.03140582335584485,-0.00273229759527871
2025-12-17,0.012122275436876606,0.013703656964963298,0.03551215974658661,-0.011003620102041367
2025-12-18,0.003754074085186909,0.01274044790361888,-0.028827080178316256,0.0075513325776148665
2025-12-19,0.009082783751985346,0.013004925535604108,0.019447281308300646,0.009063445479451815
2025-12-22,0.023826305643429135,0.014922982375254475,-0.004769089749096178,0.006229892278320159
2025-12-23,0.006378258184584151,0.014714572003618283,0.11172763878712577,0.004570454818432879
2025-12-24,-0.0005139190381160397,0.014670000446547366,-0.03765877714634591,0.0035176203055324873
2025-12-26,-0.027592062343726576,0.016542367253678886,0.0292315109543837,-0.00010141503224314619
2025-12-29,0.023616498289537935,0.018306094317916608,0.07352258576351711,-0.003563628207054803
2025-12-30,-0.002238310330867188,0.017874994103153605,-0.15254959355912712,-0.0012211007345822589
2025-12-31,-0.009145860000283057,0.015295335732207649,-0.0720039736431014,-0.007408967373390696
2026-01-02,-0.0017415269472296213,0.015097205000260528,-0.018448202983078144,0.0018330397334518356
2026-01-05,0.017445917748152073,0.015822713212972975,-0.02625760857073267,0.006660113816063129
2026-01-06,-0.020404640482441505,0.01741909605956121,-0.04910590325890385,0.005947183373089304
2026-01-07,-0.01995447870356648,0.016512501714189647,0.05223886439305958,-0.0032233567922274053
2026-01-08,0.03161272709422214,0.01978023973865853,-0.03347518505677605,-0.00010153268198576093
2026-01-09,0.023545717622442286,0.021240612393418522,-0.0698562224728716,0.006613342394092614
2026-01-12,0.006427623054476861,0.01862403574721133,0.07573367507917883,0.0015704538117717881
2026-01-13,0.02773111808199835,0.019121881929959807,0.0029334088290549065,-0.0019994751058702853
2026-01-14,0.01422729207155582,0.019106891423017615,-0.08745248102814962,-0.0049152373416185835
2026-01-15,-0.045630470979792226,0.025077559417683817,0.002564146062562944,0.0027232143965294497
2026-01-16,0.004223686531514614,0.025014494403577222,-0.007992357800430061,-0.0008378739908954103
2026-01-20,0.015141344997853023,0.02488634763660863,0.2591041438963344,-0.020356785723545046
2026-01-21,0.004640350987550779,0.023408211331777794,0.24776040928664456,0.011541079202094462
2026-01-22,-0.020785192077436232,0.023512569254875656,0.034871810521834856,0.005223230019727687
2026-01-23,0.028807261908526005,0.023189022666418934,0.045589695856346646,0.0003627802397405677
2026-01-26,-0.007204824445844471,0.022610848108956316,0.28909953891881535,0.005078147060609828
2026-01-27,0.02902850553401648,0.024098998571983367,0.022647029578067857,0.003984264729684606
2026-01-28,0.013143127149321199,0.02298720391396822,0.072763882979471,-0.00010066990364987483
2026-01-29,0.034962808360734954,0.024911153165845124,-0.47479893260066597,-0.0019843824489698125
2026-01-30,-0.0032100136097579224,0.017812058163227295,0.11128129418814248,-0.0029825802604032114
2026-02-02,-0.04707866489688739,0.025394627615389416,-0.2565457233599825,0.004971362130935519
2026-02-03,0.017219177749178805,0.02549744124135425,0.02286071066561135,-0.00845539643070059
2026-02-04,0.03053314876016011,0.026746374212421955,0.04651156762118824,-0.004843921678897134
2026-02-05,-0.028400345278711825,0.02773271836880176,0.012698455948949583,-0.012489211256201727
2026-02-06,0.004108047365652956,0.026630950774012178,-0.024793425490594267,0.019184711840951385
2026-02-09,0.01274589115681124,0.026418919919071807,-0.08299238035943657,0.004821832103010459
2026-02-10,-0.006215064047320307,0.025381159253598188,-0.007329509822647906,-0.002637160432080843
2026-02-11,0.010475268582484487,0.025273931544689952,0.014125171820194682,-0.00023105881441631837
2026-02-12,-0.02769607267367502,0.02407409284330965,0.01836026882204922,-0.0154488742279012
2026-02-13,0.0007956594038691644,0.024117396513230718,0.00808207113040793,0.0007044854938154099
2026-02-17,-0.008904397583535784,0.018879341921534194,-0.06537160950110155,0.0016134664707250224
2026-02-18,0.04588481511846543,0.02335210282682868,-0.006598476276328036,0.005037758541617032
2026-02-19,0.01902128880703846,0.022113096568650584,-0.004981689436789782,-0.0026374339404172664
2026-02-20,-0.0006021513675084078,0.01942543106744151,0.017022656528837166,0.007231864589122949
2026-02-23,-0.0012050283444823284,0.019523772802064753,-0.0203478955158527,-0.010211314710874664
2026-02-24,-0.010254868499654402,0.019788290937808498,-0.023450564724576184,0.00726845293039502
2026-02-25,-0.0031997423931283686,0.01966961926920526,0.018524919362991277,0.008438348943581309
2026-02-26,-0.0032100136097579224,0.019523320644928968,-0.04782761654745338,-0.005554476391621099
2026-02-27,0.027756442018180172,0.018282971910835284,0.011319443208684055,-0.004801943258527341
2026-03-02,0.06281717285497268,0.025274932027945715,0.035327062510450036,0.0005685787823312971
2026-03-03,0.046749881296137996,0.02607685469732283,0.031756709952525775,-0.00881433848279567
2026-03-04,0.0013412836211137424,0.024619404170409587,-0.0448591519168261,0.007055308353084655
2026-03-05,0.0850522121973023,0.03342089725089001,0.029482332546097112,-0.005575546846393831
2026-03-06,0.12208368261757263,0.04523439392020309,0.06093908973009787,-0.013107135070836495
2026-03-09,0.04257420299476822,0.04366983256289533,-0.020715700222097455,0.008760025013039074
2026-03-10,-0.11944708342091537,0.065193056108974,-0.03205125266043052,-0.0016071269053671289
2026-03-11,0.045536287486201754,0.06456537493009194,0.06258282479913224,-0.0012551629285171284
2026-03-12,0.09719201555224743,0.06641285661089778,0.007478943160091456,-0.015184948869363502
2026-03-13,0.031129171869220817,0.0663457228668949,-0.03154964331238841,-0.005660109501006372
2026-03-16,-0.0527808644797384,0.07204522490155643,-0.034493784288375795,0.010176866111483163
2026-03-17,0.02898394742751509,0.07180337222692615,0.0033079690562181074,0.00263055486997521
2026-03-18,0.0011433386487715858,0.07181161578907512,0.010550631365100038,-0.013953645387120184
2026-03-19,-0.0018687739383937974,0.06937766009740053,0.032952636302693517,-0.0024643404851918405
2026-03-20,0.02267526855643509,0.05945005075950759,-0.02242573065206055,-0.01433577587250423
2026-03-23,-0.10364119683721551,0.06780849771170983,-0.06591276067835983,0.01050001924493782
2026-03-24,0.04788382335436259,0.05609179453099886,0.017986871391609816,-0.0033568497522664664
2026-03-25,-0.02198157891540986,0.05561794871299118,0.0030580442693790566,0.0055727589473859585
2026-03-26,0.046058499514673557,0.04801879232023983,0.015921467243491083,-0.017858744158138706
2026-03-27,0.05461468934564939,0.05024615751884545,0.032010654821898354,-0.017051883523327982
2026-03-30,0.03251704018081458,0.04702991260169393,-0.06720515113542325,-0.0033434623831846144
2026-03-31,-0.014580093701841212,0.047159250385741536,-0.0010391482139335828,0.02906792569891481
2026-04-01,-0.012428433033849329,0.04751749618827525,-0.02253816081894966,0.007534463782890022
2026-04-02,0.11406310283321663,0.05853980567222374,-0.006739997647107199,0.0009004744280911581
2026-04-06,0.007799916975443688,0.058554958397402254,0.003928627353542602,0.004726797348638012
2026-04-07,0.0048037831913605444,0.04177148737682469,0.02098889169630791,0.0004400741058487867
2026-04-08,-0.1641433712886997,0.07213473982550303,-0.050871050267942586,0.025469554638327674
2026-04-09,0.03664864898063014,0.07211032209104853,-0.019823752302349784,0.00576909117108837
2026-04-10,-0.013282957139829188,0.07129934321276583,-0.008239727999234225,-0.0006617805145495703
2026-04-13,0.025991530953323627,0.06962330195293732,-0.00793047901515842,0.009772397784351794
2026-04-14,-0.07872429256771629,0.07296590478063526,-0.010658589780020544,0.01218488075237012
2026-04-15,0.00010957642817954749,0.07299756087726564,0.004232365556321671,0.007890994867038925
2026-04-16,0.03724396419959519,0.07433418941168499,0.014176314474301233,0.002457311622604319
2026-04-17,-0.11447886458755663,0.06932538126197817,0.01020020765023677,0.012085685130224011
2026-04-20,0.06869412332795921,0.0750435735518468,0.005609523689792395,-0.001999667552905704
2026-04-21,0.02812182374625838,0.07624274292249549,0.002975134155896786,-0.006546949154936255
2026-04-22,0.009009029152271086,0.056249451621907594,0.009269505636384956,0.010126696838070659
2026-04-23,0.03108863401582318,0.05587242752303,-0.03967663712419178,-0.0038807239498251933
2026-04-24,-0.0151277722621318,0.05592189785016602,-0.034812577373165454,0.007749297960024215
2026-04-27,0.020868656661653384,0.05567202975762817,0.010701526115150184,0.0017228064887020444
2026-04-28,0.03694093034276702,0.04947377659378309,0.0035294365140399186,-0.004865948728146163
2026-04-29,0.06954865332750537,0.05266311161175354,0.03438845588240769,-0.00015454109399481997
2026-04-30,-0.01693485783221116,0.053155473573896016,0.04533429625493701,0.009949627427204177
2026-05-01,-0.029789637979528383,0.03415687073126815,0.004698233332951274,0.0027691138283709726
2026-05-04,0.043947377086969386,0.031007742402176502,0.031295011691515606,-0.0036633796697419507
2026-05-05,-0.03514375049915108,0.034873467377777856,-0.03487971379792387,0.00804301235409155
